,tourney_name,year,player_tier,w_ace,w_df,w_svpt,w_1stIn,w_1stWon,w_2ndWon,w_bpSaved,w_bpFaced,l_ace,l_df,l_svpt,l_1stIn,l_1stWon,l_2ndWon,l_bpSaved,l_bpFaced,total_points,l_total_points,return_points_won%,ace%,1stSvWin%,1stSvWin%_difference,2ndSvWin%,2ndSvWin%_difference,bpSaved%_difference,points_percentage,bpFaced%
0,Australian Open,2001,champion,6.57,1.57,86.29,61.57,47.0,13.29,3.0,4.86,9.29,4.86,106.57,65.71,40.43,16.71,9.43,16.0,109.71,83.14,47.9,41.42,76.34,14.81,53.76,12.86,2.79,56.89,23.3
1,Australian Open,2001,top2-8,8.34,4.12,103.72,61.34,47.16,23.38,4.09,6.38,8.53,5.09,109.12,60.28,40.75,21.62,6.56,12.16,117.28,95.56,43.36,49.44,76.88,9.28,55.17,10.9,10.16,55.1,34.41
2,Australian Open,2002,champion,17.0,4.14,109.57,60.0,48.86,26.29,2.86,5.43,9.0,3.43,124.0,78.14,52.71,21.71,9.0,14.14,124.71,108.86,40.62,65.38,81.43,13.97,53.04,5.7,-10.98,53.39,27.75
3,Australian Open,2002,top2-8,10.88,3.25,111.81,63.34,46.66,26.5,5.0,7.84,7.94,5.22,118.94,67.81,44.53,23.0,7.66,13.59,124.56,106.19,44.6,57.81,73.67,8.0,54.67,9.69,7.42,53.98,36.58
4,Australian Open,2003,champion,4.57,1.86,73.0,49.29,36.29,13.0,4.0,5.29,4.71,3.29,84.71,45.86,26.29,15.29,6.0,12.86,92.43,65.29,52.11,49.25,73.63,16.3,54.83,15.47,28.95,58.6,29.15
5,Australian Open,2003,top2-8,9.35,3.16,106.77,62.65,47.68,24.23,4.03,6.84,6.68,4.77,117.29,69.0,45.03,22.06,7.45,13.45,122.1,101.97,44.25,58.33,76.11,10.85,54.92,9.24,3.53,54.49,33.71
6,Australian Open,2004,champion,10.86,2.57,89.43,53.86,42.29,20.29,3.29,4.29,4.0,2.57,94.57,56.86,36.29,17.71,6.71,11.86,103.14,80.86,43.78,73.08,78.52,14.7,57.04,10.08,20.11,56.05,26.56
7,Australian Open,2004,top2-8,10.53,2.16,96.59,56.0,44.22,22.22,4.12,5.72,5.69,4.19,100.78,62.09,40.97,17.06,5.44,10.75,109.19,88.19,44.13,64.92,78.96,12.98,54.74,10.65,21.43,55.32,34.73
8,Australian Open,2005,champion,14.14,1.0,108.43,63.0,49.43,26.0,3.43,5.43,6.14,4.43,118.86,67.57,47.14,23.29,6.57,11.43,123.86,103.43,44.21,69.72,78.46,8.7,57.23,11.82,5.69,54.49,32.21
9,Australian Open,2005,top2-8,9.72,3.28,100.53,62.41,47.53,20.59,4.72,6.94,7.09,4.28,109.22,65.38,41.16,19.94,7.5,13.44,116.25,93.5,44.72,57.82,76.16,13.2,54.01,8.53,12.21,55.42,34.05
10,Australian Open,2006,champion,7.29,2.14,104.57,64.0,48.29,23.57,3.71,5.43,5.86,3.57,111.14,69.43,45.86,17.14,6.86,12.57,120.0,95.71,44.35,55.44,75.45,9.4,58.1,17.01,13.75,55.63,30.17
11,Australian Open,2006,top2-8,7.12,3.19,112.03,64.09,46.09,26.66,5.41,8.72,7.38,5.34,117.78,69.03,44.16,21.84,7.44,14.03,124.53,105.28,44.8,49.1,71.91,7.94,55.61,10.81,9.01,54.19,38.33
12,Australian Open,2007,champion,7.57,1.14,81.43,49.0,37.71,20.43,1.43,3.43,4.71,2.57,100.57,58.57,36.57,16.43,5.0,10.86,105.71,76.29,48.04,61.64,76.96,14.52,63.0,23.88,-4.35,58.08,24.0
13,Australian Open,2007,top2-8,11.31,2.34,101.69,65.41,50.81,20.28,2.94,4.59,9.31,3.97,107.91,64.62,44.16,19.75,6.03,11.0,115.09,94.5,42.72,54.85,77.68,9.34,55.9,10.28,9.23,54.91,29.44
14,Australian Open,2008,champion,9.57,3.57,92.29,58.0,44.71,18.57,4.0,5.43,7.86,3.0,94.86,56.86,35.71,16.0,5.43,11.14,106.43,80.71,46.71,54.91,77.09,14.29,54.16,12.05,24.92,56.87,32.77
15,Australian Open,2008,top2-8,8.88,2.12,96.41,62.88,48.03,18.0,4.22,6.09,5.16,2.91,101.28,62.31,39.53,17.31,5.94,11.56,110.47,87.22,45.34,63.25,76.38,12.94,53.68,9.26,17.91,55.88,34.5
16,Australian Open,2009,champion,6.0,1.86,100.71,68.57,50.57,19.29,4.29,6.29,7.29,2.86,114.43,71.57,47.71,17.86,7.71,13.86,118.71,96.43,44.99,45.15,73.75,7.09,60.02,18.35,12.57,55.18,31.22
17,Australian Open,2009,top2-8,9.72,2.44,96.75,63.97,48.72,18.62,4.09,5.53,6.31,3.09,102.34,60.47,38.28,19.59,6.38,11.91,111.81,87.28,44.82,60.64,76.16,12.86,56.8,10.01,20.39,56.16,31.71
18,Australian Open,2010,champion,8.14,1.71,90.86,57.29,44.14,19.0,5.0,6.86,4.86,3.43,99.29,61.0,37.0,17.57,6.86,12.43,107.86,82.29,44.67,62.62,77.05,16.39,56.6,10.71,17.7,56.72,35.56
19,Australian Open,2010,top2-8,11.97,2.5,105.81,65.81,50.66,22.16,5.06,7.09,8.12,4.22,110.69,68.72,45.75,18.47,7.06,12.53,119.28,97.22,43.82,59.58,76.98,10.41,55.4,11.39,15.03,55.09,36.14
20,Australian Open,2011,champion,7.14,2.0,82.14,56.0,42.86,13.86,2.43,3.86,5.0,3.0,91.0,51.0,34.14,15.0,7.71,13.29,98.57,74.57,47.6,58.81,76.54,9.6,53.02,15.52,4.94,56.93,22.51
21,Australian Open,2011,top2-8,8.94,2.19,85.81,52.34,41.59,18.34,2.72,4.44,5.62,3.78,99.19,59.72,37.38,15.97,6.91,12.97,105.78,79.22,47.96,61.4,79.46,16.87,54.8,14.34,7.98,57.18,25.5
22,Australian Open,2012,champion,8.29,2.14,101.29,60.71,43.57,23.57,4.14,6.86,3.86,4.86,114.14,69.71,43.43,15.43,7.86,15.71,122.43,93.0,51.32,68.23,71.77,9.47,58.08,23.35,10.32,56.83,30.39
23,Australian Open,2012,top2-8,7.58,2.61,94.19,59.39,45.61,19.35,3.81,5.65,6.13,3.65,104.03,64.61,40.87,16.61,6.1,11.9,111.52,86.71,46.27,55.29,76.8,13.54,55.6,13.46,16.17,56.26,32.19
24,Australian Open,2013,champion,7.71,1.86,99.29,65.0,51.14,22.57,3.29,4.43,6.71,3.43,115.71,73.14,49.57,18.57,6.0,11.14,121.29,93.71,42.57,53.47,78.68,10.91,65.82,22.2,20.41,56.41,28.45
25,Australian Open,2013,top2-8,11.09,2.28,98.72,61.81,48.5,20.56,3.78,5.31,7.12,3.12,103.41,64.12,42.69,16.72,6.97,12.41,113.06,89.06,43.66,60.9,78.47,11.89,55.7,13.14,15.03,55.94,29.97
26,Australian Open,2014,champion,13.5,3.17,112.83,65.17,53.33,25.17,2.83,4.5,5.17,2.33,115.0,78.0,53.83,18.67,6.17,10.0,121.0,106.83,38.6,72.31,81.83,12.82,52.81,2.35,1.19,53.11,31.03
27,Australian Open,2014,top2-8,7.69,2.41,88.19,56.06,44.69,19.03,2.31,3.5,6.75,3.78,101.81,61.78,39.59,17.62,6.75,11.84,108.31,81.69,43.98,53.25,79.72,15.64,59.23,15.21,8.99,57.01,22.82
28,Australian Open,2015,champion,8.71,2.14,95.43,63.0,48.29,21.0,2.86,4.43,10.71,2.86,110.29,67.29,46.0,18.71,7.86,12.86,114.86,90.86,41.72,44.85,76.65,8.29,64.75,21.24,3.44,55.83,25.62
29,Australian Open,2015,top2-8,13.69,2.91,102.41,65.91,52.03,20.91,3.22,4.59,8.81,4.06,110.22,69.59,47.28,18.81,6.47,11.06,117.06,95.56,40.53,60.84,78.94,11.0,57.29,10.99,11.65,55.06,29.33
30,Australian Open,2016,champion,8.57,1.71,102.43,66.0,49.71,22.0,4.29,5.86,6.71,3.14,109.29,67.71,45.43,16.14,6.57,11.57,119.43,92.29,43.98,56.09,75.32,8.23,60.39,21.57,16.43,56.41,33.62
31,Australian Open,2016,top2-8,11.16,2.91,92.94,58.19,46.62,20.28,2.72,4.0,6.94,4.19,103.16,63.31,42.41,17.62,6.56,11.38,110.03,86.06,42.73,61.66,80.12,13.13,58.36,14.14,10.36,56.11,26.01
32,Australian Open,2017,champion,15.43,2.57,113.29,71.29,55.57,23.0,5.0,7.29,6.14,2.43,120.14,81.29,51.71,20.57,6.71,12.0,126.43,107.0,39.91,71.53,77.95,14.34,54.76,1.81,12.67,54.16,37.79
33,Australian Open,2017,top2-8,12.75,3.53,112.06,71.78,55.47,22.81,4.97,6.84,9.62,4.53,118.88,75.41,51.25,20.06,7.16,11.97,125.84,105.09,40.67,57.0,77.28,9.32,56.63,10.48,12.84,54.49,36.36
34,Australian Open,2018,champion,13.57,2.43,88.57,54.29,44.29,20.71,2.29,3.14,5.43,4.0,97.57,56.14,38.57,20.14,6.43,10.57,103.86,82.29,40.76,71.42,81.58,12.88,60.41,11.8,12.1,55.79,22.9
35,Australian Open,2018,top2-8,11.5,3.34,109.69,72.69,56.31,19.53,4.91,6.84,9.53,4.41,115.81,72.59,48.84,19.47,7.5,12.56,123.34,102.16,42.35,54.68,77.47,10.19,52.78,7.73,12.07,54.7,35.26
36,Australian Open,2019,champion,6.43,1.86,74.14,50.86,39.57,15.43,2.0,3.14,6.14,3.14,93.29,57.86,36.71,13.43,6.0,12.0,98.14,69.29,47.17,51.15,77.8,14.35,66.28,28.37,13.69,58.62,20.74
37,Australian Open,2019,top2-8,13.34,2.66,119.38,79.31,62.47,23.16,3.41,4.94,13.78,4.12,126.62,81.12,58.16,22.44,6.72,11.0,131.66,114.34,37.36,49.19,78.77,7.07,57.8,8.48,7.94,53.52,30.99
38,Australian Open,2020,champion,11.29,2.57,91.57,62.57,50.43,16.0,2.57,4.29,10.0,4.29,107.71,66.14,44.57,17.57,5.86,10.43,112.0,87.29,42.88,53.03,80.6,13.21,55.17,12.9,3.73,56.2,29.14
39,Australian Open,2020,top2-8,12.94,2.53,104.22,69.28,54.97,19.62,3.78,5.41,8.47,3.12,110.94,72.5,48.97,18.84,6.47,10.81,117.72,97.44,39.95,60.44,79.34,11.8,56.15,7.14,10.02,54.71,33.35
40,Canada Masters,2001,champion,5.5,2.33,77.33,44.83,32.67,19.33,4.0,5.17,6.83,3.67,76.83,43.5,30.33,15.17,2.83,6.0,83.33,70.83,42.8,44.61,72.88,3.16,59.48,13.97,30.2,54.05,46.28
41,Canada Masters,2001,top2-8,6.36,3.88,77.6,44.8,33.44,18.12,3.52,5.16,5.76,4.28,76.52,42.48,28.64,15.76,4.88,8.6,83.68,70.44,42.6,52.48,74.64,7.22,55.24,8.94,11.48,54.3,37.5
42,Canada Masters,2002,champion,8.17,1.33,63.5,37.5,29.33,16.67,1.5,2.33,6.0,3.83,66.33,40.33,28.33,11.83,2.67,5.67,72.17,57.67,40.78,57.66,78.21,7.96,64.12,18.62,17.29,55.58,29.12
43,Canada Masters,2002,top2-8,8.32,2.52,69.88,42.16,32.84,15.24,3.32,4.6,5.12,2.72,74.04,42.0,29.36,14.8,4.88,8.08,77.96,65.96,41.14,61.9,77.89,7.99,54.98,8.79,11.77,54.17,36.28
44,Canada Masters,2003,champion,6.83,2.0,62.67,35.17,27.67,16.5,1.67,2.83,4.17,5.67,72.0,35.0,25.5,16.17,4.0,7.5,74.5,60.17,43.32,62.09,78.68,5.82,60.0,16.3,5.68,55.32,27.4
45,Canada Masters,2003,top2-8,6.04,2.48,63.96,37.4,29.36,15.24,2.4,3.68,4.56,3.4,72.12,41.36,27.56,14.36,4.36,7.56,74.8,61.28,42.69,56.98,78.5,11.87,57.38,10.7,7.55,54.97,32.74
46,Canada Masters,2004,champion,8.83,1.33,68.33,44.5,35.17,14.67,2.5,3.0,4.33,1.33,74.83,45.5,30.17,15.5,5.33,7.67,79.0,64.17,39.04,67.1,79.03,12.72,61.56,8.71,13.84,55.18,28.12
47,Canada Masters,2004,top2-8,8.64,2.08,70.72,42.24,34.08,15.32,3.0,4.2,7.76,2.64,72.72,43.92,31.0,14.0,3.8,6.6,77.12,66.32,39.32,52.68,80.68,10.1,53.79,5.18,13.85,53.76,38.89
48,Canada Masters,2005,champion,3.0,1.33,64.83,43.83,33.67,13.17,2.0,2.33,4.17,2.17,67.67,39.83,26.0,13.67,4.5,7.5,74.83,57.67,42.63,41.84,76.82,11.54,62.71,13.61,25.84,56.48,23.7
49,Canada Masters,2005,top2-8,6.44,3.16,73.12,43.4,33.32,16.92,3.2,4.64,5.96,3.12,75.56,44.16,30.12,15.04,4.36,7.84,80.64,68.04,40.64,51.94,76.77,8.56,56.93,9.03,13.36,54.24,37.18
50,Canada Masters,2006,champion,6.0,2.17,79.17,48.33,35.5,18.67,5.0,6.33,2.17,1.83,79.17,46.17,29.67,17.5,5.67,9.17,86.17,72.17,40.8,73.44,73.45,9.19,60.54,7.51,17.16,54.42,40.84
51,Canada Masters,2006,top2-8,3.88,3.08,70.96,41.04,30.68,16.64,3.44,5.04,4.04,2.64,72.92,41.96,27.16,14.56,4.28,8.04,78.52,65.36,43.31,48.99,74.76,10.03,55.61,8.58,15.02,54.57,38.53
52,Canada Masters,2007,champion,8.0,2.4,67.8,46.2,36.2,12.4,3.4,4.6,6.2,1.8,69.0,45.0,31.8,11.2,3.2,5.8,74.6,62.2,38.39,56.34,78.35,7.68,57.41,10.74,18.74,54.53,44.23
53,Canada Masters,2007,top2-8,8.35,1.75,74.0,47.05,37.6,14.0,3.5,4.7,5.45,2.8,78.7,45.55,30.9,16.45,4.05,7.25,82.95,69.75,40.62,60.51,79.91,12.07,51.95,2.33,18.61,54.32,39.33
54,Canada Masters,2008,champion,1.8,1.6,69.8,51.4,36.2,11.8,2.8,3.6,5.0,2.6,67.2,36.8,25.0,13.4,2.8,6.4,76.8,60.2,42.74,26.47,70.43,2.5,64.13,20.05,34.03,56.06,36.0
55,Canada Masters,2008,top2-8,5.95,1.55,72.82,41.5,31.77,16.55,3.45,5.27,4.82,2.36,75.95,45.68,29.95,14.41,4.73,8.45,79.91,68.86,42.18,55.25,76.55,10.99,52.84,5.24,9.48,53.71,38.41
56,Canada Masters,2009,champion,9.4,1.8,66.0,34.4,27.4,19.4,3.6,4.4,5.4,2.4,78.4,50.0,31.8,12.8,4.8,8.2,80.6,63.8,43.78,63.51,79.65,16.05,61.39,16.32,23.28,55.82,34.92
57,Canada Masters,2009,top2-8,7.78,2.22,70.94,46.11,36.61,13.83,3.22,4.22,5.72,2.44,72.72,42.17,30.56,15.39,3.83,6.11,77.22,66.44,38.0,57.63,79.4,6.93,55.7,5.32,13.62,53.75,40.85
58,Canada Masters,2010,champion,6.2,2.4,58.6,31.4,24.6,14.4,2.4,4.2,2.6,3.0,66.6,40.4,26.0,9.8,5.8,10.0,69.8,55.4,46.38,70.45,78.34,13.98,52.94,15.54,-0.86,55.75,29.58
59,Canada Masters,2010,top2-8,6.29,2.67,75.43,47.62,35.14,15.29,3.48,5.0,5.86,2.9,79.67,47.62,31.86,14.76,5.52,9.0,83.48,71.62,41.84,51.77,73.79,6.89,54.98,8.93,8.27,53.82,35.71
60,Canada Masters,2011,champion,1.8,1.2,63.4,43.2,30.0,11.4,3.6,4.8,4.4,3.2,57.0,34.6,21.2,9.4,4.8,8.6,67.8,52.6,46.8,29.03,69.44,8.17,56.44,14.48,19.19,56.31,35.82
61,Canada Masters,2011,top2-8,6.76,2.86,73.1,40.86,32.05,17.81,2.9,4.19,4.95,4.19,71.81,40.9,28.76,13.76,4.86,8.0,79.14,65.76,40.84,57.73,78.44,8.12,55.24,10.72,8.46,54.62,34.37
62,Canada Masters,2012,champion,4.8,1.8,64.2,38.4,31.0,15.2,5.0,5.2,3.0,2.4,64.8,36.6,24.4,13.8,3.8,6.4,72.8,56.2,41.19,61.54,80.73,14.06,58.91,9.97,36.78,56.43,44.83
63,Canada Masters,2012,top2-8,7.68,2.95,66.0,39.63,32.11,14.89,2.21,3.21,3.74,2.53,71.0,39.42,26.58,15.63,4.79,8.05,75.79,61.21,41.18,67.25,81.02,13.59,56.47,6.98,9.35,55.32,28.51
64,Canada Masters,2013,champion,4.4,1.2,61.2,42.2,31.0,12.2,2.8,3.6,5.0,6.2,67.6,38.0,25.0,13.8,3.2,6.6,72.0,56.8,44.05,46.81,73.46,7.67,64.21,17.59,29.3,55.9,35.29
65,Canada Masters,2013,top2-8,7.17,3.22,72.3,44.17,32.48,14.87,4.09,5.96,4.83,4.39,71.3,41.35,27.7,14.09,3.78,7.26,76.87,66.74,44.13,59.75,73.53,6.54,52.86,5.81,16.55,53.53,45.08
66,Canada Masters,2014,champion,12.83,2.5,68.0,38.67,33.0,17.0,2.17,2.67,4.83,3.17,73.0,43.0,31.17,15.0,3.67,6.0,76.83,64.17,37.48,72.65,85.34,12.85,57.96,7.96,20.1,54.49,30.8
67,Canada Masters,2014,top2-8,9.53,2.84,80.05,48.79,38.79,17.05,3.84,5.05,5.0,3.26,81.84,49.37,35.37,16.37,3.63,6.53,85.95,75.95,37.78,65.59,79.5,7.86,54.54,4.12,20.45,53.09,43.61
68,Canada Masters,2015,champion,5.8,2.2,70.2,43.0,31.6,13.8,3.8,5.4,2.8,2.6,70.6,41.6,27.0,11.2,6.2,10.2,77.8,63.0,47.24,67.44,73.49,8.59,50.74,12.12,9.59,55.26,34.62
69,Canada Masters,2015,top2-8,9.23,2.5,73.55,48.59,39.09,14.32,2.09,3.18,7.09,3.32,79.23,49.14,34.86,14.77,3.18,6.05,83.0,69.77,38.5,56.56,80.45,9.51,57.37,8.28,13.16,54.33,34.45
70,Canada Masters,2016,champion,3.0,2.8,62.8,38.8,30.8,13.2,3.8,5.0,6.0,2.8,65.4,35.0,24.2,13.0,2.6,5.8,72.2,56.0,43.66,33.33,79.38,10.24,55.0,12.24,31.17,56.32,46.3
71,Canada Masters,2016,top2-8,8.86,2.95,68.19,41.05,31.71,15.48,2.9,4.05,5.57,3.1,68.38,39.95,27.81,13.1,3.86,6.86,74.67,61.9,40.78,61.4,77.25,7.64,57.04,10.96,15.33,54.68,37.12
72,Canada Masters,2017,champion,7.2,4.0,76.2,48.2,36.4,15.8,4.8,5.6,4.2,4.4,71.8,43.4,30.2,14.0,2.6,5.2,79.8,68.2,38.41,63.16,75.52,5.93,56.43,7.13,35.71,53.92,51.85
73,Canada Masters,2017,top2-8,7.54,3.79,75.71,45.54,34.25,16.25,3.83,5.62,4.71,4.21,78.17,45.04,30.96,14.75,3.96,7.54,82.96,70.92,42.44,61.55,75.21,6.47,53.86,9.34,15.63,53.91,42.71
74,Canada Masters,2018,champion,2.4,1.6,68.4,42.2,31.0,14.4,3.6,5.6,4.8,1.4,71.6,41.2,29.2,13.2,3.4,6.8,74.6,65.4,41.93,33.33,73.46,2.59,54.96,11.54,14.29,53.29,45.16
75,Canada Masters,2018,top2-8,9.48,2.67,71.62,42.71,34.33,16.81,2.43,3.43,5.9,3.48,71.33,42.29,29.95,14.67,3.29,6.14,77.86,65.1,38.63,61.64,80.38,9.56,58.15,7.63,17.27,54.46,35.84
76,Canada Masters,2019,champion,5.25,1.25,61.5,38.25,31.25,11.75,1.5,2.75,6.0,2.5,61.0,41.0,27.75,7.75,4.25,7.75,68.5,54.0,42.33,46.67,81.7,14.02,50.54,11.79,-0.29,55.92,26.19
77,Canada Masters,2019,top2-8,6.95,3.3,70.8,44.95,34.4,13.75,3.15,4.55,4.2,3.0,75.35,45.6,30.45,13.65,4.8,8.5,79.4,66.75,42.19,62.33,76.53,9.75,53.19,7.31,12.76,54.33,34.87
78,Cincinnati Masters,2001,champion,11.67,2.0,64.67,34.67,29.0,18.17,2.5,3.33,7.0,4.33,69.67,36.67,28.83,14.83,3.5,6.33,73.17,61.17,38.85,62.51,83.65,5.03,60.57,15.63,19.79,54.47,34.47
79,Cincinnati Masters,2001,top2-8,7.72,3.16,66.48,38.16,30.2,16.44,2.96,4.16,5.0,4.56,74.68,39.6,27.56,15.24,5.04,8.48,78.52,62.64,43.57,60.69,79.14,9.54,58.05,14.61,11.72,55.62,32.91
80,Cincinnati Masters,2002,champion,4.17,1.83,61.67,36.83,28.5,14.0,4.0,5.0,3.33,2.83,65.17,36.33,23.83,13.33,3.33,6.67,70.5,56.33,42.63,55.6,77.38,11.79,56.36,10.14,30.07,55.59,42.84
81,Cincinnati Masters,2002,top2-8,7.0,2.96,69.08,40.92,32.16,16.16,2.4,3.48,7.2,3.8,74.4,43.92,31.28,12.68,4.44,7.68,78.76,64.72,43.44,49.3,78.59,7.37,57.39,15.79,11.16,54.89,31.18
82,Cincinnati Masters,2003,champion,10.33,2.33,65.5,41.5,33.83,14.0,1.67,2.0,5.83,3.17,65.67,37.83,26.83,13.17,2.17,4.5,73.5,57.67,41.03,63.92,81.52,10.6,58.33,11.02,35.28,56.03,30.77
83,Cincinnati Masters,2003,top2-8,7.8,2.4,72.96,45.68,35.52,15.2,2.48,3.44,6.56,3.6,74.92,42.88,30.56,15.56,4.08,7.16,79.52,68.36,39.54,54.32,77.76,6.49,55.72,7.16,15.11,53.77,32.45
84,Cincinnati Masters,2004,champion,8.33,2.67,76.83,48.67,37.83,18.5,2.5,3.17,13.33,4.0,82.0,45.83,36.0,16.67,3.33,5.83,85.67,73.17,36.66,38.46,77.73,-0.82,65.7,19.61,21.74,53.93,35.22
85,Cincinnati Masters,2004,top2-8,7.64,2.32,68.96,41.56,33.08,16.08,2.04,2.92,7.6,2.8,70.92,41.92,29.84,13.92,4.56,7.4,76.32,63.56,39.62,50.13,79.6,8.42,58.69,10.69,8.24,54.56,28.29
86,Cincinnati Masters,2005,champion,8.17,1.5,66.33,42.33,33.5,14.83,1.5,2.83,5.83,1.67,75.17,42.83,30.0,16.17,3.17,6.17,77.33,64.17,38.7,58.36,79.14,9.1,61.79,11.79,1.62,54.65,31.44
87,Cincinnati Masters,2005,top2-8,7.84,1.84,65.4,39.08,31.52,15.72,1.84,2.8,5.76,2.36,70.68,42.44,29.2,13.48,3.28,6.08,75.24,60.84,40.39,57.65,80.66,11.86,59.73,12.0,11.76,55.29,31.53
88,Cincinnati Masters,2006,champion,14.17,1.5,65.67,43.83,35.17,12.33,1.33,2.0,7.5,2.33,73.0,41.33,30.17,14.83,5.67,8.17,75.5,63.17,40.51,65.39,80.24,7.24,56.46,9.63,-2.9,54.45,19.67
89,Cincinnati Masters,2006,top2-8,4.64,2.24,66.04,42.0,32.48,13.28,2.36,3.48,5.08,2.36,70.48,40.56,28.32,13.76,3.28,6.28,74.16,62.36,39.97,47.74,77.33,7.51,55.24,9.25,15.59,54.32,35.66
90,Cincinnati Masters,2007,champion,9.4,1.6,75.2,46.8,35.6,16.0,3.2,4.4,5.2,5.6,79.2,40.6,28.6,19.2,4.0,7.2,83.0,71.4,40.31,64.38,76.07,5.63,56.34,6.6,17.17,53.76,37.93
91,Cincinnati Masters,2007,top2-8,7.04,2.33,67.75,41.5,32.71,14.79,2.29,3.33,5.5,2.79,66.88,38.0,27.33,13.17,2.67,5.79,73.88,60.75,40.08,56.14,78.82,6.9,56.34,10.74,22.66,54.88,36.51
92,Cincinnati Masters,2008,champion,6.0,3.2,62.8,35.8,28.4,14.2,2.4,4.4,5.8,3.0,73.0,44.2,28.2,11.6,4.8,8.6,75.8,60.0,45.54,50.85,79.33,15.53,52.59,12.31,-1.26,55.82,33.85
93,Cincinnati Masters,2008,top2-8,9.3,2.22,73.91,46.65,36.57,15.52,2.78,3.65,4.83,2.74,69.52,40.48,29.39,15.39,3.0,5.3,76.83,66.61,37.35,65.82,78.39,5.79,56.93,3.93,19.56,53.56,40.78
94,Cincinnati Masters,2009,champion,8.4,1.2,63.2,37.6,31.6,14.6,1.6,2.4,5.8,2.4,70.4,41.0,28.0,14.8,5.4,8.2,73.8,59.8,38.97,59.15,84.04,15.75,57.03,6.69,0.82,55.24,22.64
95,Cincinnati Masters,2009,top2-8,6.95,2.05,72.1,43.24,34.33,16.43,3.05,4.1,6.67,3.38,76.9,44.86,31.24,15.67,4.38,7.33,80.76,68.24,39.76,51.03,79.39,9.75,56.93,8.02,14.64,54.2,35.87
96,Cincinnati Masters,2010,champion,8.0,1.25,63.25,38.25,31.0,14.75,1.0,1.25,6.5,1.5,73.25,41.0,25.5,18.75,3.25,5.0,74.75,61.75,41.91,55.17,81.05,18.85,59.0,0.86,15.0,54.76,20.0
97,Cincinnati Masters,2010,top2-8,9.1,2.62,83.71,48.1,38.24,19.33,3.29,4.86,7.24,3.86,87.33,51.57,35.9,16.95,4.24,7.57,92.05,79.0,39.6,55.69,79.5,9.89,54.28,6.88,11.69,53.81,39.1
98,Cincinnati Masters,2011,champion,6.0,2.8,56.4,31.4,24.0,11.6,2.8,4.8,1.8,3.4,66.8,37.6,20.6,12.2,7.2,11.8,69.6,53.6,51.57,76.92,76.43,21.64,46.4,4.62,-2.69,56.49,28.92
99,Cincinnati Masters,2011,top2-8,7.0,1.89,66.42,39.89,30.79,14.47,2.11,3.26,4.47,3.16,74.42,45.26,29.84,12.53,4.58,8.37,77.32,63.53,44.47,61.03,77.19,11.26,54.54,11.57,10.0,54.9,28.03
100,Cincinnati Masters,2012,champion,7.4,1.8,56.4,34.0,28.4,14.4,0.6,0.6,5.2,2.2,67.2,41.8,27.2,13.0,3.0,5.6,69.8,53.8,40.76,58.73,83.53,18.46,64.29,13.11,46.43,56.47,9.68
101,Cincinnati Masters,2012,top2-8,8.13,2.13,64.91,36.87,28.83,15.83,3.04,4.09,4.52,3.96,68.39,38.0,25.22,13.96,4.78,8.09,73.87,59.43,43.81,64.27,78.19,11.82,56.46,10.52,15.24,55.42,33.58
102,Cincinnati Masters,2013,champion,4.6,2.4,76.0,53.6,41.4,13.4,2.8,3.6,7.0,2.2,84.6,52.8,38.2,15.0,4.4,7.0,86.2,74.4,37.59,39.66,77.24,4.89,59.82,12.65,14.92,53.67,33.96
103,Cincinnati Masters,2013,top2-8,8.9,2.05,66.9,41.8,32.6,14.35,1.75,2.85,5.25,3.75,75.4,43.55,29.0,15.55,5.05,8.2,77.8,64.5,42.57,62.9,77.99,11.4,57.17,8.35,-0.19,54.67,25.79
104,Cincinnati Masters,2014,champion,4.2,2.0,72.8,46.2,35.0,15.2,3.6,5.2,6.0,5.0,81.6,43.2,30.0,17.8,6.0,9.4,84.0,70.4,41.85,41.18,75.76,6.32,57.14,10.79,5.4,54.4,35.62
105,Cincinnati Masters,2014,top2-8,7.05,3.43,72.24,44.24,34.71,14.86,2.9,4.19,5.86,2.52,77.81,46.86,31.33,14.19,4.38,8.1,81.86,68.19,43.21,54.61,78.46,11.6,53.07,7.22,15.14,54.56,34.09
106,Cincinnati Masters,2015,champion,5.8,1.6,52.6,30.0,25.2,16.2,0.6,0.6,6.6,1.6,67.6,41.8,28.0,12.6,5.0,7.2,68.4,51.8,40.67,46.77,84.0,17.01,71.68,22.84,30.56,56.91,7.69
107,Cincinnati Masters,2015,top2-8,7.0,2.85,75.1,44.05,33.05,17.3,3.1,4.65,6.45,3.8,74.55,41.25,28.85,15.45,3.8,7.2,80.6,69.05,42.31,52.04,75.03,5.09,55.72,9.32,13.89,53.86,39.24
108,Cincinnati Masters,2016,champion,9.17,2.0,56.67,30.5,26.0,15.33,1.0,2.0,5.67,2.5,62.17,38.33,26.5,11.83,3.83,6.83,65.17,53.67,39.57,61.79,85.25,16.11,58.58,8.96,-6.08,54.84,22.65
109,Cincinnati Masters,2016,top2-8,8.76,2.81,69.33,41.67,33.19,16.0,2.24,3.14,7.19,3.33,70.05,41.48,30.1,13.0,3.0,5.62,76.14,63.24,39.52,54.92,79.65,7.08,57.85,12.35,17.96,54.63,35.84
110,Cincinnati Masters,2017,champion,8.4,2.6,65.4,42.4,35.0,14.4,2.2,2.4,8.6,2.0,65.2,40.4,29.6,12.6,3.4,5.4,72.4,58.2,37.15,49.41,82.55,9.28,62.61,11.8,28.71,55.44,30.77
111,Cincinnati Masters,2017,top2-8,9.52,3.91,70.43,42.43,33.96,15.65,3.0,4.13,6.04,4.04,75.26,41.57,29.3,15.96,4.43,7.35,79.61,66.09,39.76,61.18,80.04,9.56,55.89,8.52,12.37,54.64,35.98
112,Cincinnati Masters,2018,champion,5.5,2.33,82.33,50.83,36.33,16.67,3.83,6.17,10.33,4.5,87.83,54.5,36.67,14.67,5.17,8.83,89.5,80.67,41.73,34.74,71.47,4.19,52.92,8.91,3.52,52.59,41.13
113,Cincinnati Masters,2018,top2-8,7.82,2.82,67.95,42.91,34.27,14.82,2.09,3.0,6.5,3.73,76.59,44.82,31.64,15.36,4.36,7.14,78.68,65.86,39.06,54.61,79.86,9.27,59.19,10.84,8.61,54.43,29.59
114,Cincinnati Masters,2019,champion,9.5,2.17,57.5,35.5,27.33,13.33,1.0,2.0,4.17,2.67,63.33,36.17,24.67,10.83,3.0,6.67,68.5,52.33,44.74,69.5,76.99,8.78,60.59,20.72,5.02,56.69,23.07
115,Cincinnati Masters,2019,top2-8,5.83,2.74,72.52,44.39,33.3,16.04,3.13,4.22,5.83,2.74,69.17,41.17,29.04,12.87,3.3,6.3,76.61,65.09,39.59,50.0,75.02,4.48,57.02,11.06,21.79,54.06,40.11
116,Cincinnati Masters,2020,champion,6.2,5.2,69.2,39.2,28.8,15.2,3.2,5.8,4.8,4.4,74.0,43.8,29.6,11.0,4.6,8.8,77.4,65.8,45.82,56.36,73.47,5.89,50.67,14.25,2.9,54.05,39.73
117,Cincinnati Masters,2020,top2-8,10.18,3.09,65.45,39.27,31.59,14.09,3.05,4.05,4.82,2.95,66.32,38.95,27.27,13.05,3.27,6.14,71.68,60.09,39.66,67.87,80.44,10.43,53.82,6.14,22.05,54.4,39.74
118,Hamburg Masters,2001,champion,2.67,3.67,90.5,51.67,35.17,20.17,5.33,8.83,5.0,4.33,95.33,51.17,33.0,18.83,8.0,13.33,98.83,87.0,47.22,34.81,68.07,3.58,51.94,9.3,0.34,53.18,39.85
119,Hamburg Masters,2001,top2-8,2.04,1.72,63.72,40.2,28.28,12.32,3.68,5.6,2.12,1.84,66.52,38.36,22.52,11.16,4.72,9.48,73.44,56.8,50.17,49.04,70.35,11.64,52.38,12.75,15.92,56.39,37.14
120,Hamburg Masters,2002,champion,4.83,1.83,63.5,37.33,26.5,13.83,5.17,7.0,3.0,2.5,74.83,44.83,25.5,12.5,6.17,11.5,77.17,61.17,49.33,61.69,70.99,14.11,52.85,11.18,20.21,55.78,37.84
121,Hamburg Masters,2002,top2-8,4.92,2.4,69.04,42.32,30.28,15.12,3.4,5.12,2.64,3.16,68.96,40.92,27.04,12.72,4.08,7.8,74.6,63.4,42.75,65.08,71.55,5.47,56.59,11.23,14.1,54.06,39.63
122,Hamburg Masters,2003,champion,1.0,1.17,64.67,43.33,28.17,14.17,2.83,4.5,1.67,2.0,64.67,38.0,22.33,10.17,5.5,10.67,74.5,54.83,50.72,37.45,65.01,6.25,66.4,28.27,11.34,57.6,29.66
123,Hamburg Masters,2003,top2-8,4.6,2.28,71.04,42.16,30.44,15.48,3.88,5.84,3.6,3.52,74.76,44.72,27.24,13.28,5.12,9.68,80.16,65.64,46.95,56.1,72.2,11.29,53.6,9.39,13.55,54.98,37.63
124,Hamburg Masters,2004,champion,4.5,0.67,68.0,41.83,32.33,15.67,2.33,3.67,1.83,2.17,66.83,43.5,27.5,10.33,4.17,8.33,77.0,57.83,43.52,71.09,77.29,14.07,59.88,15.6,13.43,57.11,30.58
125,Hamburg Masters,2004,top2-8,3.52,1.56,72.68,42.96,30.6,16.4,3.72,5.68,2.48,2.84,75.16,45.8,28.36,13.12,4.92,9.28,80.68,67.16,45.72,58.67,71.23,9.31,55.18,10.49,12.47,54.57,37.97
126,Hamburg Masters,2005,champion,3.5,1.5,64.17,38.67,29.17,16.33,2.5,3.17,1.0,2.0,58.83,37.17,23.83,10.83,2.0,5.17,69.67,53.33,43.08,77.78,75.43,11.32,64.04,14.04,40.18,56.64,38.01
127,Hamburg Masters,2005,top2-8,1.2,1.12,64.92,41.2,28.32,12.68,4.08,6.16,1.84,1.64,66.04,39.44,22.44,10.92,5.04,10.04,73.68,57.28,50.92,39.47,68.74,11.84,53.46,12.41,16.03,56.26,38.02
128,Hamburg Masters,2006,champion,1.5,0.67,73.17,56.5,38.67,9.17,5.0,6.17,2.0,1.67,72.67,48.17,28.0,11.67,3.33,7.17,80.83,65.0,45.55,42.86,68.44,10.31,55.01,7.38,34.6,55.43,46.25
129,Hamburg Masters,2006,top2-8,3.88,1.8,65.76,41.68,29.72,13.72,3.8,5.36,2.16,2.32,65.2,40.2,24.36,11.4,3.96,8.0,72.88,58.08,46.71,64.24,71.31,10.71,56.98,11.38,21.4,55.65,40.12
130,Hamburg Masters,2007,champion,6.0,1.8,79.8,45.4,33.0,18.2,4.8,7.2,1.2,2.8,77.2,55.2,31.4,11.2,5.4,9.8,85.8,71.2,44.33,83.33,72.69,15.81,52.91,2.0,11.57,54.65,42.35
131,Hamburg Masters,2007,top2-8,3.27,1.68,74.55,48.23,33.27,14.55,4.14,6.23,2.5,2.23,75.95,45.82,29.95,13.36,4.59,8.68,80.45,70.05,43.64,56.67,68.98,3.62,55.28,10.94,13.57,53.46,41.78
132,Hamburg Masters,2008,champion,1.8,1.4,74.0,57.4,37.4,8.2,4.4,6.8,2.6,0.6,81.8,54.0,32.4,10.8,5.2,10.0,84.2,71.6,47.95,40.91,65.16,5.16,49.4,10.55,12.71,54.04,40.48
133,Hamburg Masters,2008,top2-8,3.83,1.74,62.91,39.52,28.48,13.39,3.0,4.26,2.65,2.26,65.61,38.96,23.65,10.83,4.35,8.65,73.0,55.52,48.48,59.1,72.06,11.36,57.25,16.61,20.13,56.8,33.0
134,Indian Wells Masters,2001,champion,3.0,2.33,73.33,48.33,34.17,14.0,3.17,5.0,5.0,5.0,70.0,32.33,22.83,16.83,3.5,7.67,78.5,64.83,45.98,37.5,70.7,0.08,56.0,11.32,17.77,54.77,39.46
135,Indian Wells Masters,2001,top2-8,7.08,3.12,65.84,36.36,28.64,16.44,2.08,3.24,4.92,3.04,69.04,39.96,26.64,13.28,3.4,7.12,74.2,60.68,42.15,59.0,78.77,12.1,55.77,10.1,16.45,55.01,31.27
136,Indian Wells Masters,2002,champion,5.5,3.33,53.83,31.17,24.0,13.5,1.83,3.0,4.83,1.83,65.17,38.67,22.83,12.0,5.0,9.33,67.83,51.17,46.94,53.24,77.0,17.96,59.58,14.3,7.41,57.0,24.33
137,Indian Wells Masters,2002,top2-8,4.48,2.48,67.8,40.2,30.12,15.32,3.52,5.0,4.24,3.24,70.08,40.64,26.12,14.12,3.88,7.4,75.28,62.6,43.04,51.38,74.93,10.66,55.51,7.55,17.97,54.6,40.32
138,Indian Wells Masters,2003,champion,6.83,1.5,68.17,37.83,29.33,16.83,2.67,4.0,2.0,2.5,71.5,42.33,26.17,14.0,5.83,10.0,77.5,62.17,45.22,77.35,77.53,15.71,55.47,7.48,8.45,55.49,28.57
139,Indian Wells Masters,2003,top2-8,5.54,3.0,70.33,41.88,30.92,15.21,2.83,4.67,3.92,3.25,67.33,37.96,25.29,13.0,3.5,7.42,75.17,62.5,43.82,58.56,73.83,7.21,53.46,9.2,13.43,54.6,38.63
140,Indian Wells Masters,2004,champion,6.17,2.17,56.0,33.5,26.67,13.67,1.83,2.17,2.17,3.17,60.67,35.83,23.17,10.33,4.0,7.5,67.5,49.17,46.0,73.98,79.61,14.94,60.76,19.17,31.0,57.86,22.44
141,Indian Wells Masters,2004,top2-8,6.0,2.85,67.33,39.81,30.15,16.19,2.56,3.89,3.63,3.59,72.0,40.78,26.3,14.56,4.52,8.22,77.48,61.85,43.71,62.31,75.73,11.24,58.83,12.19,10.82,55.61,32.12
142,Indian Wells Masters,2005,champion,6.67,1.33,60.0,36.83,28.33,14.0,1.67,2.67,3.5,3.83,69.33,38.5,24.33,13.17,5.17,9.0,74.17,55.17,47.08,65.59,76.92,13.73,60.42,17.7,5.11,57.34,22.88
143,Indian Wells Masters,2005,top2-8,5.21,2.08,64.08,38.17,29.79,15.0,3.58,4.67,3.79,2.58,67.92,39.71,25.92,12.42,4.21,7.75,74.38,57.62,45.08,57.89,78.05,12.78,57.89,13.86,22.34,56.35,37.6
144,Indian Wells Masters,2006,champion,4.17,1.17,65.5,40.83,31.5,15.33,1.5,2.17,2.5,2.0,66.83,42.83,26.0,12.33,3.67,7.0,75.33,57.0,42.39,62.52,77.15,16.44,62.14,10.76,16.69,56.93,23.66
145,Indian Wells Masters,2006,top2-8,4.92,1.96,68.46,41.81,30.62,16.04,2.92,4.0,3.04,3.08,71.77,42.12,27.81,13.04,5.27,8.88,77.58,62.65,43.77,61.81,73.24,7.21,60.19,16.21,13.65,55.32,31.06
146,Indian Wells Masters,2007,champion,4.67,2.33,56.5,38.0,29.83,10.67,2.5,3.0,6.0,1.33,58.83,33.67,23.17,11.67,3.5,6.83,64.5,50.83,41.76,43.77,78.5,9.69,57.68,11.3,32.09,55.93,30.52
147,Indian Wells Masters,2007,top2-8,7.2,1.56,63.56,37.72,29.0,14.8,2.48,3.48,3.92,1.92,66.2,38.8,25.48,12.64,4.6,8.0,71.88,57.88,43.68,64.75,76.88,11.21,57.28,11.15,13.76,55.39,30.31
148,Indian Wells Masters,2008,champion,5.33,1.5,61.0,39.0,29.0,12.83,2.33,3.83,2.67,2.17,67.67,35.17,22.83,14.33,4.83,8.67,72.33,56.33,45.27,66.62,74.36,9.45,58.32,14.23,5.13,56.22,30.64
149,Indian Wells Masters,2008,top2-8,5.56,1.52,76.0,45.56,33.89,16.3,3.37,5.37,4.93,2.93,78.81,47.04,30.85,14.89,5.15,9.11,83.26,71.56,42.88,53.0,74.39,8.81,53.55,6.68,6.23,53.78,37.09
150,Indian Wells Masters,2009,champion,1.83,1.5,59.67,38.0,28.17,12.83,3.17,4.17,3.67,2.17,69.33,41.83,26.33,11.67,5.83,9.83,72.33,56.67,45.5,33.27,74.13,11.18,59.21,16.77,16.71,56.07,29.79
151,Indian Wells Masters,2009,top2-8,6.38,2.08,66.92,43.0,33.5,13.31,2.85,4.12,5.15,2.88,71.23,42.0,28.81,13.73,3.31,6.35,75.5,62.65,41.16,55.33,77.91,9.31,55.64,8.67,17.04,54.65,39.35
152,Indian Wells Masters,2010,champion,14.5,1.83,78.83,46.17,37.33,16.33,4.5,5.67,4.83,2.33,72.5,47.0,31.0,14.17,3.67,6.33,81.0,70.33,38.28,75.01,80.85,14.89,50.0,-5.57,21.39,53.53,47.25
153,Indian Wells Masters,2010,top2-8,6.36,2.0,65.96,40.92,31.48,13.4,2.76,4.08,5.68,2.44,67.68,41.0,27.36,12.4,3.88,7.16,72.8,60.84,42.88,52.82,76.93,10.2,53.51,7.03,13.46,54.47,36.3
154,Indian Wells Masters,2011,champion,2.33,2.5,61.33,38.5,28.0,12.67,3.67,5.17,1.83,2.67,58.0,32.33,18.67,10.33,3.5,8.5,69.67,49.67,52.59,56.01,72.73,14.98,55.5,15.26,29.81,58.38,37.82
155,Indian Wells Masters,2011,top2-8,6.31,2.23,65.15,38.35,30.77,15.31,2.31,3.42,4.08,3.12,72.08,42.35,28.04,13.62,4.35,7.65,76.5,60.73,42.89,60.73,80.23,14.02,57.13,11.32,10.68,55.75,30.89
156,Indian Wells Masters,2012,champion,8.67,2.0,63.5,39.0,31.83,14.83,2.17,3.0,3.5,3.17,66.17,40.17,27.67,12.5,2.0,5.33,72.67,57.0,40.58,71.24,81.62,12.74,60.53,12.45,34.81,56.04,36.01
157,Indian Wells Masters,2012,top2-8,5.69,1.73,73.81,44.62,33.85,17.5,2.88,4.15,4.12,2.65,79.81,46.85,31.62,15.62,4.58,7.85,83.92,69.69,41.42,58.0,75.86,8.37,59.95,12.56,11.06,54.63,34.58
158,Indian Wells Masters,2013,champion,2.0,2.4,74.0,49.8,36.6,13.2,2.0,3.6,5.2,2.0,80.0,50.0,34.6,12.2,6.8,10.2,83.0,71.0,41.79,27.78,73.49,4.29,54.55,13.88,-11.11,53.9,26.09
159,Indian Wells Masters,2013,top2-8,5.69,2.15,68.92,40.42,30.96,15.04,3.27,4.69,3.38,3.38,71.77,42.31,27.19,12.85,4.62,8.54,77.73,62.96,44.84,62.73,76.6,12.34,52.77,9.15,15.62,55.25,35.45
160,Indian Wells Masters,2014,champion,5.67,2.5,72.17,49.17,38.33,12.17,2.0,3.17,5.5,2.5,84.0,52.0,35.0,14.67,6.17,9.5,84.83,71.33,41.04,50.76,77.95,10.64,52.91,7.07,-1.86,54.32,25.02
161,Indian Wells Masters,2014,top2-8,10.35,2.81,71.42,43.62,34.77,15.35,2.19,3.46,3.38,3.31,76.65,45.04,30.88,15.54,4.42,7.27,80.35,67.73,39.71,75.38,79.71,11.15,55.22,6.06,2.49,54.26,32.25
162,Indian Wells Masters,2015,champion,4.6,2.4,65.0,41.0,31.6,14.8,3.0,4.0,4.2,2.8,65.4,40.8,28.0,9.6,3.4,7.0,74.2,56.2,43.02,52.27,77.07,8.44,61.67,22.65,26.43,56.9,36.36
163,Indian Wells Masters,2015,top2-8,7.52,1.8,64.56,39.68,30.52,14.84,3.08,4.0,4.16,2.8,67.4,38.4,25.96,13.64,3.96,7.24,73.16,58.8,42.15,64.38,76.92,9.32,59.65,12.62,22.3,55.44,35.59
164,Indian Wells Masters,2016,champion,3.17,2.17,63.33,39.83,30.17,13.17,1.17,2.5,3.33,2.67,75.17,45.0,29.17,11.67,5.83,9.5,77.67,60.83,45.68,48.77,75.75,10.93,56.04,17.36,-14.57,56.08,20.83
165,Indian Wells Masters,2016,top2-8,5.48,2.64,70.44,44.2,33.12,14.08,3.12,4.76,4.88,3.76,72.92,43.32,28.84,13.12,4.24,7.88,78.16,65.2,43.4,52.9,74.93,8.36,53.66,9.34,11.74,54.52,37.66
166,Indian Wells Masters,2017,champion,6.2,1.8,56.6,33.0,26.8,15.2,0.6,0.8,3.0,3.4,63.2,36.2,25.6,12.4,1.6,4.4,67.2,52.6,41.05,67.39,81.21,10.49,64.41,18.48,38.64,56.09,15.38
167,Indian Wells Masters,2017,top2-8,6.46,2.46,69.42,42.88,32.12,15.75,2.62,3.88,4.46,3.5,72.79,44.58,30.79,12.88,4.58,7.5,77.0,65.21,40.62,59.16,74.91,5.84,59.34,13.68,6.46,54.15,34.09
168,Indian Wells Masters,2018,champion,5.5,1.17,73.67,47.67,37.33,15.17,2.67,3.67,5.0,2.33,82.33,49.83,33.67,16.5,6.67,9.67,84.67,71.33,41.42,52.38,78.31,10.74,58.35,7.58,3.77,54.28,27.51
169,Indian Wells Masters,2018,top2-8,8.56,2.48,71.72,44.04,33.68,15.76,2.92,4.32,4.24,3.12,72.84,43.0,29.2,14.36,3.84,7.28,78.72,65.84,41.21,66.88,76.48,8.57,56.94,8.82,14.84,54.45,37.24
170,Indian Wells Masters,2019,champion,2.8,1.4,74.6,53.2,40.8,12.8,3.6,4.4,5.4,2.4,73.8,45.8,32.2,14.2,2.2,5.0,81.0,67.4,39.47,34.15,76.69,6.38,59.81,9.1,37.82,54.58,46.81
171,Indian Wells Masters,2019,top2-8,6.48,2.2,62.8,37.8,28.8,14.88,2.84,3.96,4.68,3.16,66.4,40.56,26.8,11.84,4.36,7.56,71.44,57.76,42.44,58.06,76.19,10.12,59.52,13.7,14.05,55.29,34.38
172,Madrid Masters,2002,champion,5.5,2.0,73.5,49.75,38.75,16.0,0.25,1.0,13.25,2.25,83.0,46.0,35.75,16.25,2.75,5.25,85.75,70.75,39.42,29.33,77.89,0.17,67.37,23.45,-27.38,54.79,16.0
173,Madrid Masters,2002,top2-8,4.19,2.24,65.24,38.33,29.48,15.43,2.76,3.76,4.81,2.24,67.76,38.14,26.05,13.1,3.57,6.95,73.52,59.48,43.28,46.56,76.91,8.61,57.34,13.11,22.03,55.28,35.11
174,Madrid Masters,2003,champion,,,,,,,,,,,,,,,,,,,,,,,,,,,
175,Madrid Masters,2003,top2-8,,,,,,,,,,,,,,,,,,,,,,,,,,,
176,Madrid Masters,2004,champion,13.2,2.6,70.0,37.6,31.8,20.2,2.8,3.8,5.8,2.8,78.0,43.6,31.0,15.4,3.6,6.2,83.6,64.4,40.78,69.47,84.57,13.47,62.35,17.58,15.62,56.49,38.0
177,Madrid Masters,2004,top2-8,8.9,2.57,68.57,41.76,33.29,16.05,2.71,3.29,6.76,3.57,71.0,40.52,28.62,15.24,4.05,6.71,76.48,63.1,38.89,56.83,79.72,9.09,59.87,9.87,22.01,54.79,32.9
178,Madrid Masters,2005,champion,2.4,1.8,84.2,59.6,42.6,13.8,2.2,4.2,13.0,2.4,82.8,55.4,39.0,12.6,3.4,6.6,87.6,79.4,39.35,15.58,71.48,1.08,56.1,10.11,0.86,52.46,38.89
179,Madrid Masters,2005,top2-8,10.26,2.16,79.95,50.21,39.47,17.89,2.37,3.37,6.74,3.79,85.05,51.21,37.05,17.58,4.11,6.11,87.79,77.21,36.44,60.35,78.61,6.26,60.15,8.2,3.06,53.21,35.55
180,Madrid Masters,2006,champion,9.2,0.6,66.8,42.4,33.8,15.6,1.6,1.8,3.4,1.4,71.2,45.6,30.6,11.0,4.6,7.6,79.0,59.0,42.96,73.02,79.72,12.61,63.93,20.96,28.36,57.25,19.15
181,Madrid Masters,2006,top2-8,7.47,2.21,77.84,49.53,37.32,16.05,3.16,4.63,6.84,3.11,79.32,48.0,33.84,15.21,3.79,6.95,83.63,73.53,38.64,52.2,75.35,4.85,56.69,8.13,13.72,53.21,39.98
182,Madrid Masters,2007,champion,6.83,1.83,74.33,42.5,32.67,16.5,3.17,4.83,6.83,2.83,76.17,42.17,29.83,14.17,2.83,6.5,81.33,69.17,43.2,50.0,76.87,6.13,51.84,10.16,22.09,54.04,42.63
183,Madrid Masters,2007,top2-8,6.1,1.81,65.05,39.14,31.43,15.33,2.57,3.14,5.43,2.24,67.95,41.52,28.62,12.86,3.81,6.33,73.24,59.76,39.66,52.91,80.3,11.37,59.17,10.51,21.66,55.07,33.16
184,Madrid Masters,2008,champion,7.8,1.0,59.8,36.4,29.6,12.4,0.4,1.4,4.6,2.2,71.0,42.6,27.0,13.4,5.2,8.2,72.6,58.2,45.77,62.9,81.32,17.94,52.99,5.81,-34.84,55.5,14.58
185,Madrid Masters,2008,top2-8,7.48,1.62,73.24,43.71,34.67,17.57,3.38,4.33,6.76,3.05,73.14,44.43,32.81,13.86,3.38,5.81,78.71,67.67,36.63,52.53,79.32,5.47,59.5,11.22,19.88,53.77,42.7
186,Madrid Masters,2009,champion,9.0,1.4,66.4,39.0,32.0,15.6,2.2,2.6,3.6,2.8,63.0,40.2,27.4,11.4,2.6,5.6,71.8,57.6,38.6,71.43,82.05,13.89,56.93,6.93,38.19,55.49,31.71
187,Madrid Masters,2009,top2-8,3.82,1.76,72.59,46.47,33.88,14.65,3.12,4.29,5.12,2.12,72.0,44.88,29.53,13.18,4.35,7.53,77.82,66.76,42.06,42.73,72.91,7.11,56.09,7.49,14.96,53.82,36.29
188,Madrid Masters,2010,champion,1.0,1.2,62.4,44.0,32.0,10.6,2.8,4.0,6.2,2.0,74.0,43.8,29.4,12.6,3.6,7.4,74.6,61.8,42.85,13.89,72.73,5.61,57.61,15.89,21.35,54.69,35.09
189,Madrid Masters,2010,top2-8,4.74,1.26,62.78,41.22,30.3,12.09,3.39,4.7,3.65,1.65,70.52,43.7,26.83,11.78,5.65,9.17,74.3,59.0,46.75,56.5,73.51,12.11,56.08,12.16,10.52,55.74,33.89
190,Madrid Masters,2011,champion,4.4,1.2,62.4,40.0,30.8,12.6,1.8,3.4,3.8,1.0,68.8,44.2,27.8,10.8,4.8,8.8,73.6,57.6,44.17,53.66,77.0,14.1,56.25,12.35,-1.61,56.1,27.87
191,Madrid Masters,2011,top2-8,5.37,1.58,68.79,45.11,34.37,13.84,3.11,4.21,4.16,1.16,72.16,44.05,29.37,13.47,4.0,7.21,77.53,63.42,41.8,56.35,76.19,9.52,58.45,10.53,18.39,55.01,36.87
192,Madrid Masters,2012,champion,9.0,1.4,73.2,49.8,39.6,12.6,3.2,4.0,8.2,3.2,73.4,41.6,30.6,16.4,3.8,6.4,78.6,68.0,37.2,52.33,79.52,5.96,53.85,2.28,20.63,53.62,38.46
193,Madrid Masters,2012,top2-8,8.05,2.14,74.95,47.52,36.62,14.9,3.05,4.48,5.33,2.62,76.43,44.9,30.48,15.62,3.57,6.67,81.86,69.52,40.77,60.16,77.06,9.18,54.32,4.78,14.56,54.08,40.18
194,Madrid Masters,2013,champion,2.0,1.0,58.2,41.4,30.6,9.6,2.4,3.6,2.4,3.2,64.0,36.4,22.8,11.4,5.4,9.6,70.0,52.2,46.18,45.45,73.91,11.27,57.14,15.84,10.42,57.28,27.27
195,Madrid Masters,2013,top2-8,4.24,1.71,77.52,51.24,37.67,14.48,3.67,5.0,5.14,1.52,75.24,49.33,33.62,12.81,4.48,7.57,80.95,71.81,38.31,45.2,73.52,5.37,55.1,5.66,14.22,52.99,39.78
196,Madrid Masters,2014,champion,3.0,1.0,51.0,38.4,27.4,7.2,2.0,3.4,0.8,1.2,57.4,39.0,22.4,6.6,5.2,9.6,63.0,45.4,51.14,78.95,71.35,13.91,57.14,21.27,4.65,58.12,26.15
197,Madrid Masters,2014,top2-8,5.36,1.5,74.59,48.45,36.18,14.95,4.18,5.27,5.59,1.64,71.32,46.32,31.82,12.45,4.05,6.86,78.18,67.73,38.53,48.95,74.67,5.97,57.19,7.39,20.28,53.58,43.45
198,Madrid Masters,2015,champion,2.8,1.8,59.4,38.8,29.6,11.6,3.0,3.8,3.0,1.6,59.2,38.2,24.4,8.0,3.4,7.4,68.0,50.6,46.44,48.28,76.29,12.42,56.31,18.21,33.0,57.34,33.93
199,Madrid Masters,2015,top2-8,6.6,1.1,68.4,45.0,35.1,13.95,2.35,3.2,5.65,2.65,71.1,44.9,31.1,13.05,3.3,6.25,76.0,63.5,38.87,53.88,78.0,8.73,59.62,9.81,20.64,54.48,33.86
200,Madrid Masters,2016,champion,2.0,2.4,63.4,42.4,32.8,11.8,3.2,3.8,4.0,1.2,64.8,41.6,26.4,10.0,4.0,7.2,73.0,55.2,44.65,33.33,77.36,13.9,56.19,13.09,28.65,56.94,34.55
201,Madrid Masters,2016,top2-8,5.76,1.0,72.81,49.0,37.24,13.9,3.48,4.33,4.38,1.71,72.1,46.71,32.05,12.57,3.62,6.62,78.62,66.29,38.61,56.8,76.0,7.39,58.38,8.87,25.69,54.25,39.54
202,Madrid Masters,2017,champion,3.2,2.2,74.4,49.8,36.2,13.6,4.8,6.2,3.2,2.6,79.2,53.8,33.4,10.8,6.6,10.0,84.8,68.8,45.0,50.0,72.69,10.61,55.28,12.76,11.42,55.21,38.27
203,Madrid Masters,2017,top2-8,4.81,1.43,70.57,46.71,34.24,14.19,2.76,4.19,4.76,2.43,74.38,45.52,31.9,12.67,4.62,7.95,78.24,66.71,40.55,50.26,73.3,3.22,59.47,15.57,7.76,53.98,34.51
204,Madrid Masters,2018,champion,3.0,0.2,48.6,32.6,27.4,12.2,0.2,0.2,2.4,0.6,60.8,43.8,27.8,7.8,3.0,5.8,64.8,44.6,41.74,55.56,84.05,20.58,76.25,30.37,48.28,59.23,3.33
205,Madrid Masters,2018,top2-8,8.62,1.95,75.0,48.57,37.43,15.62,2.48,3.62,4.9,2.14,76.38,49.71,35.1,13.52,3.33,5.95,80.81,70.57,37.7,63.76,77.06,6.45,59.1,8.41,12.54,53.38,37.83
206,Madrid Masters,2019,champion,4.0,1.25,64.25,42.75,34.0,12.0,3.0,3.75,2.5,1.25,63.5,38.0,24.25,13.75,1.25,3.75,71.5,56.25,40.08,61.54,79.53,15.71,55.81,1.89,46.67,55.97,50.0
207,Madrid Masters,2019,top2-8,5.25,2.3,69.35,44.15,33.8,14.5,2.95,4.2,3.95,2.5,72.35,47.85,31.9,11.5,3.95,7.15,77.25,64.45,40.73,57.07,76.56,9.89,57.54,10.6,15.0,54.52,37.0
208,Miami Masters,2001,champion,4.2,1.8,62.0,43.2,32.8,11.2,1.2,2.2,6.2,3.6,67.2,36.2,25.2,10.8,3.8,8.6,75.2,54.0,46.84,40.38,75.93,6.32,59.57,24.73,10.36,58.2,20.37
209,Miami Masters,2001,top2-8,7.44,3.15,69.81,40.44,31.3,15.41,3.37,4.85,4.15,3.33,67.37,36.78,24.63,13.52,3.3,7.0,75.93,61.26,44.13,64.19,77.4,10.43,52.47,8.27,22.34,55.35,40.93
210,Miami Masters,2002,champion,5.0,2.67,67.0,41.0,31.17,15.0,2.67,3.83,5.83,4.0,73.0,40.67,27.17,14.5,5.33,9.17,77.5,62.5,44.23,46.17,76.02,9.21,57.69,12.84,11.59,55.36,29.46
211,Miami Masters,2002,top2-8,5.69,2.65,70.12,38.46,29.15,17.58,3.08,4.62,4.19,2.88,73.27,39.85,25.81,16.88,4.42,7.81,77.31,66.08,42.51,57.59,75.79,11.02,55.53,5.02,10.08,53.92,37.17
212,Miami Masters,2003,champion,5.67,2.0,62.83,40.83,31.5,13.17,2.67,3.5,7.5,3.5,72.5,39.0,26.67,14.0,4.83,8.5,76.5,58.83,44.99,43.05,77.15,8.77,59.86,18.07,19.47,56.53,29.17
213,Miami Masters,2003,top2-8,7.38,2.77,74.85,41.96,32.38,18.81,3.58,4.88,5.0,3.46,75.23,43.42,29.46,15.08,3.38,6.69,81.88,68.19,41.6,59.61,77.17,9.32,57.19,9.78,22.84,54.56,42.18
214,Miami Masters,2004,champion,10.5,1.83,62.83,41.83,34.17,12.17,1.83,2.83,4.17,2.5,75.5,46.5,29.5,14.17,4.0,7.83,78.17,60.17,42.36,71.57,81.69,18.25,57.95,9.09,13.57,56.51,26.55
215,Miami Masters,2004,top2-8,5.54,2.57,79.71,45.96,34.57,19.04,3.5,5.32,4.46,3.32,82.36,49.68,33.43,15.32,4.61,8.0,87.21,74.86,41.31,55.4,75.22,7.93,56.41,9.53,8.16,53.81,39.94
216,Miami Masters,2005,champion,7.83,2.67,78.83,48.17,36.17,18.17,2.5,4.17,3.5,2.83,87.5,51.0,32.17,18.83,4.5,8.5,90.83,75.5,42.04,69.11,75.09,12.01,59.26,7.67,7.01,54.61,32.91
217,Miami Masters,2005,top2-8,4.5,2.46,64.96,39.42,29.0,14.85,2.65,4.0,3.31,3.19,68.42,40.31,25.77,12.62,4.42,7.92,73.88,59.5,44.78,57.62,73.57,9.64,58.14,13.24,10.44,55.39,33.56
218,Miami Masters,2006,champion,5.17,1.83,74.33,47.33,35.83,15.67,2.67,3.67,5.5,2.67,71.67,41.83,28.67,14.0,2.83,6.5,80.5,65.5,42.45,48.45,75.7,7.16,58.04,11.12,29.21,55.14,36.09
219,Miami Masters,2006,top2-8,6.88,1.65,71.0,46.12,34.42,13.65,2.54,4.27,3.15,3.42,75.31,43.96,27.88,13.73,5.0,9.31,81.77,64.54,46.57,68.59,74.63,11.21,54.86,11.06,5.77,55.89,31.44
220,Miami Masters,2007,champion,5.67,1.0,59.0,39.5,29.33,14.17,2.67,2.83,3.33,2.67,54.5,33.0,21.5,9.67,3.33,6.67,66.83,46.67,44.4,63.0,74.25,9.1,72.67,27.69,44.42,58.88,29.79
221,Miami Masters,2007,top2-8,5.84,1.96,69.72,43.6,32.8,14.12,3.72,5.04,3.2,1.8,67.64,42.12,27.12,12.52,4.44,7.76,74.92,62.44,41.58,64.6,75.23,10.84,54.06,5.0,16.59,54.54,39.38
222,Miami Masters,2008,champion,5.33,2.33,77.5,48.67,35.5,16.17,2.33,4.17,4.83,2.33,81.83,51.0,33.67,13.5,3.83,7.67,86.33,73.0,44.19,52.46,72.94,6.92,56.09,12.3,5.95,54.18,35.22
223,Miami Masters,2008,top2-8,7.42,1.65,66.0,40.31,31.69,14.73,2.12,3.08,4.88,2.73,68.85,38.81,25.54,14.58,4.04,7.27,75.15,59.69,42.55,60.33,78.62,12.81,57.34,8.8,13.26,55.73,29.76
224,Miami Masters,2009,champion,5.33,3.0,65.5,41.33,28.67,13.33,4.0,5.83,3.5,3.83,66.67,39.0,23.83,9.83,4.5,9.5,75.0,57.17,50.62,60.36,69.37,8.27,55.15,19.62,21.24,56.75,38.03
225,Miami Masters,2009,top2-8,4.72,2.16,59.28,37.92,29.68,12.2,2.32,3.2,3.92,3.44,68.6,38.64,25.92,12.44,4.16,7.88,72.12,55.76,45.44,54.63,78.27,11.19,57.12,15.6,19.71,56.4,28.88
226,Miami Masters,2010,champion,9.17,1.67,59.83,40.83,32.83,12.0,2.0,2.33,5.5,1.83,60.67,34.33,25.33,12.83,2.67,5.33,67.33,53.17,38.51,62.51,80.41,6.63,63.16,14.45,35.75,55.88,30.42
227,Miami Masters,2010,top2-8,5.76,2.56,68.64,41.12,31.6,15.0,3.04,4.24,4.24,3.12,69.8,39.72,26.76,13.0,4.44,8.16,76.64,61.8,45.34,57.6,76.85,9.48,54.51,11.29,17.29,55.36,34.19
228,Miami Masters,2011,champion,3.5,1.17,60.0,38.33,28.67,12.83,2.5,2.83,3.17,2.67,57.67,33.83,19.83,10.5,3.0,6.67,68.83,48.83,50.76,52.47,74.8,16.18,59.21,15.17,43.36,58.5,29.79
229,Miami Masters,2011,top2-8,5.46,2.04,59.58,36.42,29.27,13.46,2.19,3.08,3.73,2.69,64.46,36.77,24.69,12.35,3.46,6.85,70.15,53.88,44.63,59.41,80.37,13.22,58.12,13.52,20.59,56.56,31.02
230,Miami Masters,2012,champion,3.67,1.5,67.0,40.0,30.0,16.33,4.17,5.0,3.33,1.83,65.33,41.33,27.33,10.17,4.83,7.83,74.17,58.17,42.16,52.43,75.0,8.87,60.48,18.1,21.71,56.05,38.97
231,Miami Masters,2012,top2-8,5.22,1.65,65.35,37.26,27.78,16.91,3.22,4.61,3.83,2.65,65.26,36.74,24.3,12.09,3.35,7.09,73.57,57.04,45.67,57.68,74.56,8.42,60.2,17.81,22.6,56.33,39.4
232,Miami Masters,2013,champion,5.67,3.83,74.33,43.5,32.0,14.33,3.17,5.83,3.17,3.5,70.83,40.17,24.17,12.33,5.83,10.83,80.67,64.5,48.55,64.14,73.56,13.39,46.48,6.26,0.54,55.57,34.99
233,Miami Masters,2013,top2-8,5.28,2.4,72.32,43.04,31.72,15.96,3.12,4.92,4.16,3.92,75.76,41.88,28.0,14.72,5.16,9.2,80.72,67.36,44.38,55.93,73.7,6.84,54.51,11.06,7.32,54.51,34.84
234,Miami Masters,2014,champion,6.25,1.75,60.0,41.5,32.0,10.75,1.25,1.75,1.75,2.25,54.75,36.25,24.0,8.0,1.0,3.75,65.5,49.25,41.75,78.12,77.11,10.9,58.11,14.87,44.76,57.08,31.82
235,Miami Masters,2014,top2-8,5.96,1.67,59.46,36.42,28.71,13.79,2.42,3.58,4.38,3.25,70.92,39.33,25.79,13.88,4.25,8.08,73.75,56.62,45.02,57.64,78.83,13.26,59.85,15.91,15.0,56.57,30.7
236,Miami Masters,2015,champion,5.83,2.17,72.0,45.83,32.83,15.17,1.67,3.67,3.33,2.33,89.67,52.0,31.67,15.17,7.0,12.0,90.83,70.83,47.77,63.65,71.63,10.73,57.97,17.7,-12.83,56.19,23.42
237,Miami Masters,2015,top2-8,5.78,2.56,66.07,41.0,31.81,14.0,2.04,3.44,3.59,3.37,70.89,41.78,27.52,13.48,4.3,7.93,75.7,61.26,43.45,61.69,77.59,11.72,55.84,9.53,5.08,55.27,30.26
238,Miami Masters,2016,champion,3.83,3.17,63.5,42.17,29.67,11.67,3.83,5.17,1.67,3.67,67.5,41.33,25.33,10.0,4.67,8.67,73.5,57.5,48.05,69.64,70.36,9.07,54.71,16.5,20.22,56.11,37.36
239,Miami Masters,2016,top2-8,7.33,2.83,68.42,40.79,31.5,15.67,2.71,3.67,4.96,3.21,70.5,40.83,27.5,13.21,4.5,7.96,76.96,61.96,43.33,59.64,77.22,9.87,56.71,12.19,17.31,55.4,31.56
240,Miami Masters,2017,champion,8.17,1.67,76.17,44.33,36.67,19.17,2.17,3.17,6.67,2.5,88.33,54.17,38.33,17.17,5.83,7.83,88.67,75.83,38.06,55.05,82.72,11.96,60.21,9.95,-6.01,53.9,28.82
241,Miami Masters,2017,top2-8,5.19,2.92,70.0,42.77,33.58,15.42,2.73,3.77,5.42,3.46,71.04,40.85,28.69,14.04,3.77,6.73,77.31,63.73,41.15,48.92,78.51,8.28,56.63,10.12,16.39,54.81,35.9
242,Miami Masters,2018,champion,13.17,1.33,67.83,45.67,38.17,12.0,1.33,1.83,4.5,4.0,72.67,45.17,31.33,15.5,4.0,6.0,76.0,64.5,36.3,74.53,83.58,14.22,54.15,-2.21,6.01,54.09,23.37
243,Miami Masters,2018,top2-8,6.48,2.44,67.52,43.04,33.64,13.72,2.96,4.24,4.8,3.64,74.72,43.52,29.08,15.2,4.08,7.48,77.8,64.44,42.23,57.45,78.16,11.34,56.05,7.33,15.26,54.7,36.18
244,Miami Masters,2019,champion,7.33,1.17,53.33,33.17,27.17,13.33,1.5,2.0,3.67,2.5,71.5,44.33,29.0,11.67,5.83,9.17,71.33,53.5,43.32,66.64,81.91,16.49,66.12,23.17,11.42,57.14,17.91
245,Miami Masters,2019,top2-8,9.42,2.62,79.15,51.35,38.31,15.19,3.04,4.77,5.35,2.77,83.54,51.62,34.73,16.5,4.46,7.42,85.81,76.88,38.62,63.78,74.61,7.33,54.64,2.95,3.62,52.74,39.13
246,Monte Carlo Masters,2001,champion,6.67,1.33,78.67,44.0,32.33,19.33,2.83,4.5,2.33,4.0,84.17,44.5,28.5,18.67,6.33,11.0,88.67,74.17,44.0,74.11,73.48,9.44,55.75,8.69,5.34,54.45,29.03
247,Monte Carlo Masters,2001,top2-8,2.68,1.6,65.04,36.84,25.8,16.56,4.04,5.72,1.96,3.16,69.56,40.0,24.24,13.16,5.12,9.04,74.52,60.08,46.75,57.76,70.03,9.43,58.72,14.2,13.99,55.36,38.75
248,Monte Carlo Masters,2002,champion,2.6,1.4,64.8,40.2,28.4,12.8,2.2,4.6,1.6,1.6,62.2,32.2,18.8,13.2,3.4,8.6,71.4,55.6,51.18,61.9,70.65,12.26,52.03,8.03,8.3,56.22,34.85
249,Monte Carlo Masters,2002,top2-8,3.96,2.08,76.38,43.79,32.38,16.62,4.33,6.08,2.75,3.08,78.04,45.0,28.21,15.92,5.5,9.42,82.92,71.5,43.48,59.02,73.94,11.25,51.0,2.82,12.83,53.7,39.23
250,Monte Carlo Masters,2003,champion,2.5,2.17,66.0,40.67,27.0,13.83,4.33,6.33,2.33,2.17,68.83,39.0,22.17,12.83,5.33,10.67,74.67,60.17,51.64,51.76,66.39,9.54,54.6,11.59,18.45,55.38,37.24
251,Monte Carlo Masters,2003,top2-8,2.52,2.8,68.56,40.72,28.16,15.44,4.04,6.0,2.6,2.84,68.56,39.52,22.96,13.2,4.28,8.8,76.0,61.12,48.65,49.22,69.16,11.06,55.46,10.01,18.69,55.43,40.54
252,Monte Carlo Masters,2004,champion,1.33,2.83,59.33,41.33,31.0,9.67,2.17,3.5,1.17,1.83,67.67,35.33,22.83,12.33,3.67,8.5,73.17,53.83,48.71,53.2,75.01,10.39,53.72,15.59,18.82,57.61,29.17
253,Monte Carlo Masters,2004,top2-8,2.33,2.5,74.75,42.92,31.0,17.79,4.38,6.33,1.79,3.25,74.88,42.42,26.83,14.83,4.96,9.08,82.0,67.62,45.13,56.55,72.23,8.98,55.89,10.2,14.56,54.81,41.08
254,Monte Carlo Masters,2005,champion,1.17,0.83,68.0,49.33,32.0,10.67,4.5,6.67,1.0,2.0,67.33,36.67,20.0,12.33,4.17,9.67,77.67,57.67,53.37,53.92,64.87,10.33,57.15,16.93,24.35,57.39,40.82
255,Monte Carlo Masters,2005,top2-8,1.84,2.16,63.84,41.08,27.96,12.72,2.72,4.76,2.32,2.56,70.04,42.12,24.76,11.6,3.68,8.48,74.36,59.52,49.18,44.23,68.06,9.28,55.89,14.34,13.74,55.54,35.95
256,Monte Carlo Masters,2006,champion,1.17,1.5,74.67,53.83,35.67,11.5,6.0,8.17,0.83,3.67,77.17,44.0,24.5,14.17,6.17,11.83,85.67,66.17,51.67,58.5,66.26,10.58,55.18,12.46,21.28,56.42,40.85
257,Monte Carlo Masters,2006,top2-8,2.4,3.28,71.2,46.48,32.08,13.28,4.0,6.16,1.76,2.32,76.0,45.8,27.32,13.12,5.28,10.12,80.92,66.28,47.62,57.69,69.02,9.37,53.72,10.28,12.77,54.97,37.84
258,Monte Carlo Masters,2007,champion,1.4,0.6,52.8,33.4,23.8,12.8,1.6,2.2,1.0,3.6,51.6,27.2,14.8,10.2,3.8,8.0,63.2,41.2,54.16,58.33,71.26,16.85,65.98,24.18,25.23,60.54,21.57
259,Monte Carlo Masters,2007,top2-8,3.62,2.79,71.12,42.25,30.46,15.21,3.75,5.79,1.83,3.0,76.33,45.75,28.04,13.0,4.62,9.12,80.96,66.5,47.96,66.42,72.09,10.8,52.68,10.17,14.11,54.9,38.83
260,Monte Carlo Masters,2008,champion,1.0,0.8,52.0,39.0,25.6,7.4,1.4,3.4,1.8,2.4,65.2,39.0,21.0,9.2,3.6,9.0,68.0,49.2,53.95,35.71,65.64,11.79,56.92,21.81,1.18,58.02,27.42
261,Monte Carlo Masters,2008,top2-8,3.65,1.35,65.3,40.45,28.5,13.95,3.2,5.15,2.25,3.1,70.15,40.45,24.75,13.0,4.45,8.7,74.85,60.6,46.75,61.86,70.46,9.27,56.14,12.37,10.99,55.26,37.18
262,Monte Carlo Masters,2009,champion,1.4,1.4,60.4,39.0,26.2,10.8,3.0,5.4,2.0,2.0,62.8,34.8,21.0,9.2,5.0,10.4,69.6,53.6,51.27,41.18,67.18,6.84,50.47,17.61,7.48,56.49,34.18
263,Monte Carlo Masters,2009,top2-8,3.29,2.62,74.1,45.62,32.95,14.05,3.86,6.14,3.1,3.81,78.57,45.48,28.29,14.38,6.81,11.38,82.9,69.76,46.41,51.49,72.23,10.03,49.33,5.87,3.03,54.3,35.05
264,Monte Carlo Masters,2010,champion,2.0,1.0,44.6,29.8,21.4,9.2,2.0,2.6,0.8,2.2,45.2,26.6,13.0,5.6,3.4,8.6,57.2,32.6,60.98,71.43,71.81,22.94,62.16,32.05,37.39,63.7,23.21
265,Monte Carlo Masters,2010,top2-8,2.39,1.7,63.61,41.78,29.17,12.35,2.78,4.52,2.35,2.83,71.87,42.7,25.96,11.74,5.7,10.26,75.7,59.78,48.15,50.42,69.82,9.02,56.57,16.32,5.94,55.88,30.58
266,Monte Carlo Masters,2011,champion,1.2,1.8,60.2,39.6,27.4,11.6,3.2,5.2,1.2,1.2,66.6,37.0,20.6,12.6,6.2,11.0,72.4,54.4,50.25,50.0,69.19,13.51,56.31,13.74,5.18,57.1,32.1
267,Monte Carlo Masters,2011,top2-8,2.9,1.48,57.67,35.71,26.0,11.81,3.0,4.38,1.86,2.29,57.86,33.62,19.71,9.71,3.29,7.67,66.24,49.29,49.2,60.92,72.81,14.18,53.78,13.72,25.6,57.34,36.35
268,Monte Carlo Masters,2012,champion,3.2,1.0,49.2,33.4,26.4,9.8,1.6,2.2,1.6,1.8,55.0,32.8,18.8,10.6,2.8,6.6,61.8,42.4,47.83,66.67,79.04,21.72,62.03,14.28,30.31,59.31,25.0
269,Monte Carlo Masters,2012,top2-8,4.52,2.1,64.52,36.9,27.48,15.1,3.81,5.38,1.71,1.71,65.0,38.71,23.48,11.81,4.29,8.19,72.29,57.24,46.41,72.55,74.47,13.81,54.67,9.75,18.44,55.81,39.65
270,Monte Carlo Masters,2013,champion,3.0,1.2,62.8,38.2,26.6,13.2,1.8,4.4,1.4,3.2,70.2,44.0,24.6,9.8,4.4,9.8,75.6,57.4,51.58,68.18,69.63,13.72,53.66,16.26,-3.99,56.84,30.99
271,Monte Carlo Masters,2013,top2-8,3.18,1.64,63.73,39.18,28.18,13.86,3.23,4.86,2.5,2.23,65.23,37.95,23.59,11.86,3.5,7.64,71.82,57.14,46.62,55.99,71.92,9.76,56.46,12.98,20.65,55.69,38.88
272,Monte Carlo Masters,2014,champion,4.75,1.75,64.0,35.25,28.5,18.0,0.75,1.25,2.5,1.0,66.5,40.75,29.5,11.25,2.75,5.75,72.25,58.25,41.24,65.52,80.85,8.46,62.61,18.92,12.17,55.36,17.86
273,Monte Carlo Masters,2014,top2-8,3.68,1.21,61.68,40.11,30.47,11.63,2.68,4.0,1.53,1.89,67.0,39.11,22.26,12.74,4.74,9.05,74.11,54.58,49.61,70.63,75.97,19.05,53.92,8.24,14.62,57.59,30.65
274,Monte Carlo Masters,2015,champion,1.8,1.4,59.6,37.0,27.4,13.0,2.6,3.8,1.8,2.0,66.8,36.8,22.4,13.0,6.0,10.4,71.8,54.6,48.29,50.0,74.05,13.18,57.52,14.19,10.73,56.8,26.76
275,Monte Carlo Masters,2015,top2-8,4.25,1.35,69.15,43.85,33.35,14.0,3.0,4.2,2.5,1.5,70.3,43.95,28.9,12.35,4.55,7.7,76.4,63.05,42.87,62.96,76.05,10.29,55.34,8.47,12.34,54.79,35.29
276,Monte Carlo Masters,2016,champion,2.0,1.8,72.4,50.8,34.8,10.6,6.8,9.4,3.0,3.2,71.4,39.2,24.0,12.8,6.0,11.0,80.0,63.8,48.94,40.0,68.5,7.28,49.07,9.32,17.79,55.63,46.08
277,Monte Carlo Masters,2016,top2-8,4.9,1.8,71.45,44.1,31.65,14.5,3.65,5.6,2.25,2.25,70.45,40.7,25.85,13.9,4.4,8.4,76.85,65.05,44.65,68.53,71.77,8.26,53.02,6.3,12.8,54.16,40.0
278,Monte Carlo Masters,2017,champion,2.6,1.4,49.8,33.2,22.8,10.2,1.6,3.4,1.4,1.4,66.2,39.8,20.4,11.4,5.0,10.6,67.4,48.6,52.08,65.0,68.67,17.41,61.45,18.27,-0.11,58.1,24.29
279,Monte Carlo Masters,2017,top2-8,2.22,2.04,67.61,38.43,26.09,16.39,3.52,5.61,2.57,2.48,70.43,41.83,24.61,11.3,5.48,10.35,77.0,61.04,51.04,46.35,67.89,9.06,56.17,16.66,9.8,55.78,35.15
280,Monte Carlo Masters,2018,champion,0.8,1.2,47.0,31.6,23.4,10.4,0.8,1.4,2.0,3.0,50.8,26.6,15.0,10.0,4.4,8.6,59.6,38.2,50.8,28.57,74.05,17.66,67.53,26.21,5.98,60.94,14.0
281,Monte Carlo Masters,2018,top2-8,3.89,3.11,80.0,47.0,33.58,17.0,3.47,6.16,3.11,3.0,85.32,50.89,31.74,16.0,5.89,10.58,88.16,77.16,44.47,55.57,71.45,9.08,51.52,5.05,0.66,53.33,36.8
282,Monte Carlo Masters,2019,champion,1.0,3.0,76.2,43.0,28.4,18.0,4.2,6.8,2.8,3.4,69.2,41.6,25.8,12.2,2.8,7.2,77.6,67.8,45.79,26.32,66.05,4.03,54.22,10.02,22.87,53.37,48.57
283,Monte Carlo Masters,2019,top2-8,2.78,2.52,72.61,43.39,30.78,16.13,3.91,5.74,2.48,2.74,74.78,43.3,27.0,13.78,4.3,8.74,80.91,66.48,46.54,52.85,70.94,8.58,55.2,11.43,18.92,54.9,39.64
284,Paris Masters,2001,champion,9.8,1.6,69.0,42.0,33.0,17.0,1.4,2.0,2.6,2.8,73.0,43.0,29.6,12.6,3.8,7.8,80.8,61.2,43.97,79.03,78.57,9.73,62.96,20.96,21.28,56.9,20.41
285,Paris Masters,2001,top2-8,6.68,1.95,70.09,43.41,34.5,15.0,1.82,3.23,8.64,2.27,72.27,42.59,31.32,13.45,4.0,7.0,77.0,65.36,38.49,43.6,79.47,5.93,56.22,10.9,-0.79,54.09,31.57
286,Paris Masters,2002,champion,10.8,1.4,74.8,45.2,37.2,16.6,2.4,3.0,4.6,4.2,81.2,45.2,30.6,17.8,5.2,8.2,86.6,69.4,40.37,70.13,82.3,14.6,56.08,6.64,16.59,55.51,26.79
287,Paris Masters,2002,top2-8,8.8,2.65,64.45,36.75,30.3,15.55,2.5,3.3,7.0,2.8,69.2,40.45,28.2,13.3,3.95,6.9,73.55,60.1,41.11,55.7,82.45,12.73,56.14,9.88,18.51,55.03,32.35
288,Paris Masters,2003,champion,4.83,3.5,77.67,47.17,37.5,16.5,3.17,4.33,5.17,2.33,77.33,42.33,28.67,17.67,2.17,5.0,85.0,70.0,40.48,48.3,79.5,11.77,54.1,3.61,29.81,54.84,46.41
289,Paris Masters,2003,top2-8,6.8,2.6,73.6,44.4,34.5,16.35,3.15,4.4,6.4,3.0,72.0,39.75,29.35,14.95,2.75,5.7,78.55,67.05,38.83,51.52,77.7,3.86,55.99,9.63,23.34,53.95,43.56
290,Paris Masters,2004,champion,10.8,2.0,79.8,44.2,35.2,21.6,3.6,4.4,7.2,2.8,81.0,43.0,31.8,18.0,4.0,6.8,88.0,72.8,38.89,60.0,79.64,5.69,60.67,13.3,23.0,54.73,39.29
291,Paris Masters,2004,top2-8,7.0,2.0,64.52,40.3,31.35,14.17,2.04,2.83,5.3,3.04,68.87,38.87,27.17,13.87,3.22,6.17,73.35,60.04,40.97,56.91,77.79,7.89,58.51,12.28,19.89,54.99,31.44
292,Paris Masters,2005,champion,13.33,1.67,82.67,48.17,40.33,16.67,2.67,4.17,11.67,2.17,75.0,51.17,36.5,11.33,4.83,8.67,84.17,73.5,38.21,53.32,83.72,12.39,48.32,0.77,8.32,53.38,32.48
293,Paris Masters,2005,top2-8,9.0,2.11,68.39,45.33,35.83,12.83,3.22,4.11,5.61,3.22,71.61,41.28,29.56,13.56,4.22,7.39,77.17,62.83,40.16,61.6,79.04,7.43,55.64,10.93,21.25,55.12,35.74
294,Paris Masters,2006,champion,5.2,1.8,56.6,36.4,30.8,11.0,2.2,2.6,3.0,1.6,64.2,39.8,23.6,8.8,4.6,9.4,73.6,47.2,52.64,63.41,84.62,25.32,54.46,18.39,35.68,60.93,21.67
295,Paris Masters,2006,top2-8,7.56,1.83,72.67,44.94,34.44,14.67,2.78,4.33,5.28,2.5,75.44,46.83,32.44,13.22,3.89,7.11,78.89,69.22,40.36,58.88,76.64,7.37,52.9,6.69,9.49,53.26,37.85
296,Paris Masters,2007,champion,7.67,1.17,67.33,37.67,30.33,16.5,2.0,2.83,4.5,1.17,75.0,44.83,30.33,13.17,5.33,8.5,78.33,64.0,42.7,63.02,80.51,12.85,55.63,11.98,7.96,55.03,24.98
297,Paris Masters,2007,top2-8,3.6,1.5,69.3,43.0,30.95,14.85,3.4,4.9,3.6,1.95,69.8,41.25,27.25,13.35,4.2,7.7,75.0,64.1,42.61,50.0,71.98,5.92,56.46,9.7,14.84,53.92,38.89
298,Paris Masters,2008,champion,13.6,3.2,88.2,55.8,43.0,15.6,6.2,8.0,6.4,2.8,86.2,54.6,38.4,16.4,3.6,6.4,90.0,84.4,36.71,68.0,77.06,6.73,48.15,-3.75,21.25,51.61,55.56
299,Paris Masters,2008,top2-8,7.12,1.53,61.88,37.88,30.24,13.88,2.53,3.18,6.29,2.53,63.12,35.06,24.59,12.88,3.29,6.29,69.76,55.24,41.71,53.09,79.83,9.69,57.83,11.93,27.25,55.81,33.58
300,Paris Masters,2009,champion,4.2,4.2,68.6,44.4,31.8,13.4,4.2,6.4,5.4,2.8,66.0,38.8,26.0,10.8,3.8,8.0,74.4,60.2,45.44,43.75,71.62,4.61,55.37,15.66,18.12,55.27,44.44
301,Paris Masters,2009,top2-8,9.28,1.06,76.28,49.28,37.22,14.61,3.94,5.28,7.33,2.39,78.56,48.67,35.22,13.56,4.72,7.56,81.61,73.22,39.37,55.87,75.53,3.17,54.11,8.74,12.19,52.71,41.12
302,Paris Masters,2010,champion,12.8,3.0,74.4,44.2,36.0,16.4,2.4,3.0,12.0,3.0,69.8,40.4,31.2,12.6,2.8,5.6,78.4,65.8,39.31,51.61,81.45,4.22,54.3,11.44,30.0,54.37,34.88
303,Paris Masters,2010,top2-8,9.63,2.58,72.26,43.74,34.63,16.32,2.79,3.89,6.0,2.53,75.32,45.79,32.89,14.11,4.16,6.84,79.26,68.32,38.47,61.61,79.17,7.34,57.22,9.44,10.9,53.71,36.25
304,Paris Masters,2011,champion,4.6,1.0,54.0,35.4,30.4,10.8,1.4,1.8,4.8,3.2,57.4,33.4,23.8,10.0,2.6,5.6,64.8,46.6,41.24,48.94,85.88,14.62,58.06,16.39,31.35,58.17,24.32
305,Paris Masters,2011,top2-8,6.47,1.95,70.74,43.84,33.58,14.63,3.53,4.58,3.79,2.68,70.16,39.05,27.53,14.42,4.0,7.0,76.42,64.47,41.18,63.06,76.6,6.1,54.39,8.04,19.93,54.24,39.55
306,Paris Masters,2012,champion,2.0,1.6,72.4,47.6,34.2,13.6,3.6,4.6,5.0,2.2,60.6,35.6,24.2,9.8,4.8,8.6,74.4,58.6,44.25,28.57,71.85,3.87,54.84,15.64,22.45,55.94,34.85
307,Paris Masters,2012,top2-8,9.52,2.38,68.57,42.19,33.33,15.71,2.19,3.1,6.19,2.24,70.0,40.71,29.24,14.29,2.81,5.05,75.52,63.05,38.43,60.6,79.0,7.17,59.55,10.76,15.01,54.5,38.04
308,Paris Masters,2013,champion,5.6,2.0,70.6,44.6,34.8,16.0,3.0,4.0,6.0,2.8,82.2,56.0,35.8,11.6,6.4,9.8,85.6,67.2,42.5,48.28,78.03,14.1,61.54,17.27,9.69,56.02,28.99
309,Paris Masters,2013,top2-8,6.17,1.94,67.89,43.0,33.0,14.78,3.0,4.0,6.5,3.61,74.11,45.83,31.33,12.17,4.0,7.11,78.39,63.61,41.87,48.7,76.74,8.38,59.38,16.35,18.74,55.2,36.0
310,Paris Masters,2014,champion,3.4,1.4,58.2,38.0,30.2,10.8,2.0,2.8,5.8,2.6,57.8,33.6,22.6,9.6,5.2,8.4,66.6,49.4,44.59,36.96,79.47,12.21,53.47,13.8,9.53,57.41,25.0
311,Paris Masters,2014,top2-8,9.44,2.61,83.17,49.94,39.61,17.56,2.67,4.11,5.78,3.56,84.33,49.94,36.17,16.72,4.33,7.5,88.61,78.89,38.34,62.02,79.32,6.89,52.84,4.22,7.23,52.9,35.4
312,Paris Masters,2015,champion,3.2,1.2,68.4,45.2,33.2,12.4,2.4,4.2,3.8,1.4,70.2,41.8,26.8,11.6,4.0,7.8,77.4,61.2,46.33,45.71,73.45,9.34,53.45,12.6,5.86,55.84,35.0
313,Paris Masters,2015,top2-8,7.67,1.61,71.11,42.67,33.56,17.0,3.56,4.56,6.39,2.17,74.5,44.67,30.67,14.28,3.78,7.0,80.11,65.5,41.25,54.55,78.65,9.99,59.77,11.9,24.07,55.02,39.45
314,Paris Masters,2016,champion,6.75,3.25,83.0,54.25,44.25,14.5,5.25,6.5,9.75,5.0,78.0,47.75,37.0,12.75,4.25,7.75,87.0,74.0,38.44,40.91,81.57,4.08,50.43,8.28,25.93,54.04,45.61
315,Paris Masters,2016,top2-8,12.45,2.3,69.5,44.9,36.3,14.1,1.85,2.85,4.65,2.8,74.2,43.1,31.7,15.4,2.65,5.15,77.5,66.2,36.44,72.81,80.85,7.3,57.32,7.8,13.45,53.93,35.62
316,Paris Masters,2017,champion,9.2,4.6,87.8,55.6,42.8,16.0,2.8,5.0,7.4,5.6,92.0,57.2,39.8,14.4,5.2,9.2,96.6,83.2,41.68,55.42,76.98,7.4,49.69,8.31,-0.52,53.73,35.21
317,Paris Masters,2017,top2-8,9.7,3.3,81.45,53.6,41.3,14.5,3.05,4.15,8.65,2.55,75.3,45.5,33.55,14.8,2.7,5.5,82.75,74.0,37.05,52.86,77.05,3.31,52.06,2.4,24.4,52.79,43.01
318,Paris Masters,2018,champion,5.33,1.17,55.33,37.0,29.83,11.17,1.83,2.67,6.0,3.33,69.0,43.0,29.17,10.33,3.67,7.5,70.5,53.83,46.65,47.04,80.62,12.78,60.94,21.21,19.61,56.7,26.25
319,Paris Masters,2018,top2-8,6.0,2.65,66.24,39.18,30.53,15.41,2.71,3.59,5.71,2.47,70.71,42.12,28.24,13.41,4.59,7.71,75.0,61.94,42.17,51.24,77.92,10.87,56.95,10.05,15.96,54.77,31.77
320,Paris Masters,2019,champion,4.4,1.8,57.0,38.6,31.0,12.0,1.0,1.4,5.2,2.4,59.0,38.2,26.4,9.2,2.8,5.4,66.4,49.6,39.95,45.83,80.31,11.2,65.22,20.99,19.58,57.24,20.59
321,Paris Masters,2019,top2-8,8.14,1.48,66.19,42.24,34.48,13.29,2.62,3.57,6.0,2.05,67.71,41.71,29.43,12.71,3.1,5.81,73.33,60.57,38.67,57.57,81.63,11.07,55.49,6.61,20.03,54.76,38.06
322,Paris Masters,2020,champion,9.8,1.8,60.4,40.4,33.2,11.4,2.8,3.6,5.6,1.2,69.2,48.2,33.2,8.2,3.0,6.0,72.4,57.2,39.91,63.64,82.18,13.3,57.0,17.95,27.78,55.86,37.5
323,Paris Masters,2020,top2-8,10.68,2.14,73.59,47.09,37.36,15.09,2.73,3.91,6.27,2.5,76.59,47.45,33.14,13.59,4.09,7.09,82.32,67.86,40.82,63.01,79.34,9.5,56.94,10.3,12.13,54.81,35.55
324,Roland Garros,2001,champion,10.71,1.29,121.0,70.14,49.86,28.57,9.29,12.14,5.29,3.86,118.43,67.29,43.29,23.57,11.14,17.14,130.0,109.43,43.75,66.94,71.09,6.76,56.17,10.08,11.53,54.3,41.46
325,Roland Garros,2001,top2-8,5.62,3.12,104.12,58.94,41.56,24.72,7.5,10.56,4.56,4.88,110.66,61.97,38.25,20.81,11.72,18.41,117.88,96.91,47.44,55.21,70.51,8.79,54.71,11.97,7.36,54.88,36.45
326,Roland Garros,2002,champion,3.43,1.29,110.86,71.43,50.86,22.71,5.0,7.57,3.43,6.0,117.86,69.43,45.14,20.57,7.86,13.86,125.71,103.0,44.45,50.0,71.2,6.18,57.6,15.13,9.34,54.96,35.32
327,Roland Garros,2002,top2-8,5.62,3.34,109.09,63.88,46.28,24.06,5.38,8.41,3.5,5.94,122.91,68.97,42.31,24.25,9.47,16.12,126.69,105.31,46.31,61.62,72.45,11.1,53.22,8.26,5.22,54.61,34.28
328,Roland Garros,2003,champion,5.71,3.14,84.43,46.29,34.29,23.0,1.71,3.71,5.43,6.0,106.0,55.14,35.29,20.43,10.57,16.86,107.57,82.86,48.82,51.26,74.08,10.08,60.3,20.13,-16.6,56.49,18.04
329,Roland Garros,2003,top2-8,8.44,4.97,115.5,71.5,50.97,22.5,5.75,9.28,4.69,5.03,116.84,68.19,43.94,22.66,7.19,13.59,123.72,108.62,43.58,64.28,71.29,6.85,51.14,4.56,9.05,53.25,40.58
330,Roland Garros,2004,champion,2.71,2.71,115.29,73.43,44.71,23.0,5.86,11.71,3.86,4.71,122.43,72.29,41.14,21.86,6.71,15.57,127.14,110.57,49.38,41.25,60.89,3.98,54.95,11.35,6.94,53.49,42.93
331,Roland Garros,2004,top2-8,5.69,3.56,102.47,61.03,43.62,22.91,4.56,7.59,4.28,5.09,110.91,62.75,39.59,20.31,7.0,13.75,117.53,95.84,47.2,57.07,71.47,8.38,55.28,13.11,9.17,55.08,35.57
332,Roland Garros,2005,champion,2.86,2.0,95.43,66.14,45.71,16.86,4.71,7.29,2.43,3.14,99.14,60.14,36.43,16.0,5.0,12.14,109.29,85.29,47.65,54.06,69.11,8.53,57.56,16.53,23.42,56.17,37.52
333,Roland Garros,2005,top2-8,4.35,3.32,107.48,67.97,46.32,21.52,4.29,7.94,4.61,5.0,112.94,64.74,39.74,21.16,7.68,14.68,119.87,100.55,46.67,48.55,68.15,6.77,54.47,10.57,1.71,54.38,35.1
334,Roland Garros,2006,champion,3.29,1.14,94.86,68.0,47.14,16.0,4.43,7.14,4.57,3.14,109.71,68.29,41.43,18.14,10.43,16.43,113.29,91.29,46.19,41.86,69.32,8.65,59.57,15.77,-1.44,55.38,30.29
335,Roland Garros,2006,top2-8,5.75,1.91,101.81,64.91,46.88,21.16,5.03,7.31,4.41,3.06,107.91,67.19,42.22,19.75,7.41,12.88,113.97,95.75,43.78,56.59,72.22,9.38,57.34,8.84,11.28,54.34,36.21
336,Roland Garros,2007,champion,2.43,1.43,87.57,63.14,46.43,13.14,6.29,7.86,3.57,3.71,98.14,61.14,35.86,15.29,6.43,12.71,106.57,79.14,48.2,40.5,73.54,14.89,53.79,12.47,29.44,57.39,38.21
337,Roland Garros,2007,top2-8,4.94,2.56,97.0,61.28,44.91,20.22,4.88,6.94,2.59,2.62,105.06,66.31,39.53,18.69,7.34,12.91,111.97,90.09,45.33,65.6,73.29,13.68,56.61,8.38,13.46,55.41,34.96
338,Roland Garros,2008,champion,1.14,0.71,77.29,54.57,38.43,13.71,4.43,5.71,1.71,2.57,78.0,47.0,23.71,12.14,6.14,13.43,94.29,61.0,54.94,40.0,70.42,19.97,60.34,21.18,31.86,60.72,29.83
339,Roland Garros,2008,top2-8,9.75,2.91,101.53,64.03,48.38,21.5,4.34,6.47,4.78,3.47,111.56,66.91,42.22,20.88,7.06,12.69,118.34,94.75,44.3,67.1,75.56,12.46,57.33,10.57,11.45,55.54,33.77
340,Roland Garros,2009,champion,11.43,1.14,110.29,71.0,56.0,22.71,3.86,6.0,7.0,3.0,125.14,76.29,50.43,24.0,6.0,10.86,129.43,106.0,40.81,62.02,78.87,12.77,57.8,8.67,9.08,54.98,35.59
341,Roland Garros,2009,top2-8,7.47,2.09,92.19,57.25,44.41,20.09,3.22,4.84,3.88,2.5,101.0,64.69,39.41,16.81,5.97,11.81,109.28,83.91,45.1,65.81,77.57,16.65,57.5,11.2,15.98,56.57,29.07
342,Roland Garros,2010,champion,2.71,1.14,88.29,65.86,47.57,12.57,4.57,6.14,3.86,2.0,96.14,57.0,34.57,16.86,5.29,10.71,104.86,79.57,46.85,41.25,72.23,11.58,56.04,12.96,25.04,56.86,36.44
343,Roland Garros,2010,top2-8,8.38,2.75,92.47,55.97,43.19,21.44,3.16,4.75,5.38,2.81,101.88,62.19,39.28,18.53,6.81,12.22,108.69,85.66,44.99,60.9,77.17,14.01,58.74,12.05,10.8,55.92,27.99
344,Roland Garros,2011,champion,3.86,1.71,107.71,77.43,54.14,17.57,6.43,9.29,6.29,2.29,109.14,67.71,43.71,16.0,7.0,13.57,121.14,95.71,47.92,38.03,69.92,5.37,58.03,19.41,17.63,55.86,40.64
345,Roland Garros,2011,top2-8,6.77,2.81,100.71,63.68,48.0,20.0,4.32,6.94,4.61,3.42,109.45,65.9,40.35,20.81,7.9,13.87,116.29,93.87,44.8,59.49,75.38,14.15,54.01,6.23,5.29,55.33,33.35
346,Roland Garros,2012,champion,2.71,1.57,80.0,50.29,38.29,17.57,3.0,4.14,2.57,1.57,81.71,50.86,29.86,12.0,4.43,11.0,95.71,66.0,50.34,51.33,76.14,17.43,59.14,20.24,32.19,59.19,27.34
347,Roland Garros,2012,top2-8,6.19,2.44,103.94,66.16,49.06,21.44,4.78,7.09,3.97,3.5,112.34,68.41,42.31,19.75,7.5,13.62,120.78,95.5,45.53,60.93,74.15,12.3,56.75,11.79,12.35,55.84,34.23
348,Roland Garros,2013,champion,4.14,1.71,102.14,74.57,53.71,15.57,5.0,7.43,4.0,2.86,114.14,74.71,43.86,19.71,6.43,12.57,119.86,96.43,45.64,50.86,72.03,13.32,56.47,6.48,16.14,55.42,37.15
349,Roland Garros,2013,top2-8,6.19,2.28,99.31,64.22,48.59,21.16,3.56,5.12,4.44,2.69,110.0,69.81,44.53,18.06,7.81,13.44,117.16,92.16,44.86,58.23,75.66,11.87,60.3,15.36,11.42,55.97,27.59
350,Roland Garros,2014,champion,1.0,1.29,79.14,53.29,39.86,15.57,4.14,5.71,3.43,3.14,84.71,51.29,28.0,12.86,4.0,11.29,99.29,64.57,53.39,22.57,74.8,20.21,60.23,21.75,37.07,60.59,33.59
351,Roland Garros,2014,top2-8,8.5,3.53,105.44,64.59,47.75,22.75,4.59,7.09,4.47,3.31,108.25,67.56,42.28,18.47,6.59,12.78,118.0,95.69,44.36,65.54,73.93,11.35,55.69,10.3,13.18,55.22,35.68
352,Roland Garros,2015,champion,8.86,3.86,106.86,56.86,44.86,28.29,6.0,7.29,5.29,2.0,111.57,68.29,45.0,20.57,9.57,14.29,119.14,99.29,41.7,62.61,78.9,13.0,56.58,9.05,15.33,54.54,33.78
353,Roland Garros,2015,top2-8,5.13,2.16,89.39,57.06,43.81,18.35,2.94,4.65,3.58,3.97,101.55,63.35,39.26,16.16,7.68,13.77,108.29,82.65,45.94,58.9,76.78,14.81,56.76,14.46,7.46,56.71,25.24
354,Roland Garros,2016,champion,2.57,2.14,91.71,63.29,43.14,17.14,3.71,6.14,3.57,3.14,98.43,59.71,34.71,15.86,7.57,14.29,108.14,82.0,48.65,41.86,68.16,10.03,60.31,19.35,7.45,56.87,30.05
355,Roland Garros,2016,top2-8,6.88,2.59,109.91,66.75,49.53,25.06,5.38,7.5,5.97,3.56,115.94,71.03,45.91,21.03,8.5,14.12,123.59,102.25,42.44,53.54,74.2,9.57,58.06,11.23,11.53,54.72,34.69
356,Roland Garros,2017,champion,2.57,1.0,59.71,38.14,27.43,16.0,2.29,3.14,1.57,2.0,71.14,44.57,23.14,10.14,6.43,12.86,81.29,49.57,55.18,62.08,71.92,20.0,74.18,36.02,22.93,62.12,19.62
357,Roland Garros,2017,top2-8,6.12,2.94,99.5,59.59,43.91,22.72,4.81,7.19,4.72,3.62,104.31,62.81,39.78,17.47,6.91,13.03,113.69,90.12,46.02,56.46,73.69,10.36,56.93,14.83,13.87,55.78,35.56
358,Roland Garros,2018,champion,2.0,2.86,88.14,53.86,39.86,20.43,5.29,6.86,4.29,2.57,94.86,60.0,35.14,14.43,7.43,13.29,105.57,77.43,47.59,31.8,74.01,15.44,59.6,18.21,21.2,57.69,34.04
359,Roland Garros,2018,top2-8,7.41,3.28,107.56,70.06,51.78,20.97,4.25,6.78,6.09,3.94,113.84,70.59,46.34,18.72,7.62,13.38,121.53,99.88,43.78,54.89,73.91,8.26,55.92,12.64,5.73,54.89,33.63
360,Roland Garros,2019,champion,4.0,2.14,82.14,57.57,43.0,15.29,2.71,4.0,3.14,1.29,86.29,54.0,31.29,13.71,5.57,11.86,99.57,68.86,48.36,56.02,74.69,16.75,62.23,19.77,20.79,59.12,25.22
361,Roland Garros,2019,top2-8,7.66,3.66,109.09,70.72,53.25,21.03,4.75,7.03,4.75,4.31,114.72,71.94,47.47,19.62,6.91,12.53,121.91,101.91,42.37,61.72,75.3,9.31,54.81,8.95,12.42,54.47,35.94
362,Roland Garros,2020,champion,2.0,1.29,83.0,55.86,39.43,17.29,3.43,4.57,2.14,2.29,77.14,50.86,27.57,10.57,3.0,9.43,95.71,64.43,51.09,48.31,70.59,16.38,63.71,23.49,43.24,59.77,32.64
363,Roland Garros,2020,top2-8,5.09,2.22,100.69,64.72,46.47,20.22,5.03,7.44,4.03,3.19,104.88,66.0,39.66,16.97,6.44,13.06,114.94,90.62,47.3,55.81,71.8,11.71,56.21,12.56,18.3,55.92,36.29
364,Rome Masters,2001,champion,4.0,2.17,65.17,39.83,28.67,14.5,2.5,4.17,4.83,4.0,74.33,38.33,23.67,15.17,5.33,10.17,78.67,60.83,49.91,45.3,71.98,10.23,57.22,15.08,7.54,56.39,29.08
365,Rome Masters,2001,top2-8,3.8,1.8,70.28,40.0,28.92,16.4,3.6,5.48,2.88,2.72,72.76,41.0,25.48,14.0,4.6,8.92,78.6,64.44,46.9,56.89,72.3,10.15,54.16,10.08,14.12,54.95,38.06
366,Rome Masters,2002,champion,3.17,1.67,61.0,36.5,27.0,15.67,2.17,2.67,3.0,2.17,64.0,37.17,22.17,11.67,4.83,9.0,72.83,52.17,48.86,51.38,73.97,14.33,63.96,20.46,27.6,58.26,22.88
367,Rome Masters,2002,top2-8,3.71,1.42,67.38,42.54,30.46,14.29,3.21,4.88,3.12,2.71,68.17,42.96,27.25,10.96,3.71,7.58,74.71,60.83,44.42,54.32,71.6,8.17,57.53,14.06,16.84,55.12,39.17
368,Rome Masters,2003,champion,3.17,3.33,91.67,63.33,42.67,14.33,5.83,8.83,5.5,3.0,84.17,44.5,30.67,17.5,4.5,9.17,93.0,82.83,42.76,36.56,67.38,-1.54,50.56,6.45,16.95,52.89,49.06
369,Rome Masters,2003,top2-8,4.48,2.56,64.8,38.48,28.24,14.68,3.12,4.88,3.2,2.88,72.88,42.52,26.76,12.6,5.52,9.68,76.44,61.24,46.45,58.33,73.39,10.45,55.78,14.28,6.91,55.52,33.52
370,Rome Masters,2004,champion,3.33,1.33,62.33,40.83,31.17,12.5,2.33,3.0,4.5,3.17,61.83,36.33,23.5,12.0,2.67,6.33,70.0,54.17,43.37,42.53,76.34,11.66,58.14,11.08,35.49,56.37,32.15
371,Rome Masters,2004,top2-8,3.04,2.12,70.6,45.44,33.04,12.84,3.48,5.6,2.88,3.96,76.0,44.44,29.08,12.92,5.76,10.12,79.88,66.72,45.25,51.35,72.71,7.27,51.03,10.09,5.22,54.49,35.62
372,Rome Masters,2005,champion,0.5,1.33,80.67,55.5,36.83,12.83,2.17,5.17,1.5,2.83,83.5,56.33,31.0,11.33,4.67,10.83,90.83,73.33,51.96,25.0,66.36,11.33,50.97,9.27,-1.15,55.33,32.31
373,Rome Masters,2005,top2-8,3.08,2.4,70.0,43.32,31.52,14.12,4.2,5.88,3.4,2.52,73.12,43.96,27.2,12.16,5.52,9.84,79.4,63.72,48.52,47.53,72.76,10.89,52.92,11.22,15.33,55.48,37.4
374,Rome Masters,2006,champion,1.0,0.83,73.33,59.0,40.83,8.0,2.67,4.17,3.17,1.5,76.33,48.0,30.33,13.0,3.33,7.67,81.83,67.83,48.18,23.98,69.2,6.01,55.83,9.94,20.61,54.68,35.22
375,Rome Masters,2006,top2-8,3.96,3.08,73.84,42.08,30.2,16.88,4.68,6.88,1.76,2.2,75.52,46.08,28.92,12.4,5.2,9.64,81.28,68.08,45.75,69.23,71.77,9.01,53.15,11.03,14.08,54.42,41.65
376,Rome Masters,2007,champion,2.6,1.4,59.2,41.2,29.6,9.2,1.8,3.6,3.4,2.0,75.6,52.6,29.8,7.6,6.8,11.8,77.0,57.8,50.76,43.33,71.84,15.19,51.11,18.07,-7.63,57.12,23.38
377,Rome Masters,2007,top2-8,2.62,2.14,68.1,46.9,32.95,11.19,3.67,5.62,2.14,2.57,71.33,45.19,27.57,10.81,5.1,9.67,77.1,62.33,47.09,55.04,70.26,9.25,52.78,11.43,12.56,55.3,36.76
378,Rome Masters,2008,champion,1.2,1.4,56.6,38.2,27.6,11.4,3.2,4.0,1.6,2.6,53.0,33.2,19.8,9.0,1.4,4.8,63.2,46.4,54.53,42.86,72.25,12.61,61.96,16.51,50.83,57.66,45.45
379,Rome Masters,2008,top2-8,4.76,2.43,71.86,45.48,32.52,15.05,2.9,4.62,3.1,2.05,76.52,48.76,31.48,12.71,5.05,8.81,79.9,68.48,44.92,60.56,71.5,6.94,57.05,11.26,5.45,53.85,34.4
380,Rome Masters,2009,champion,0.6,0.6,54.2,37.0,26.0,10.6,2.8,3.8,1.4,2.6,54.8,33.2,19.4,8.2,2.2,6.6,63.8,45.2,49.86,30.0,70.27,11.84,61.63,23.67,40.35,58.53,36.54
381,Rome Masters,2009,top2-8,3.29,2.43,72.19,44.76,32.33,15.19,3.62,5.19,3.48,2.71,73.81,42.48,27.86,14.52,4.81,8.57,78.95,67.05,43.19,48.6,72.23,6.65,55.38,9.03,13.62,54.08,37.72
382,Rome Masters,2010,champion,1.4,0.8,63.0,48.0,35.4,8.8,3.0,3.2,4.4,1.6,65.8,46.2,30.8,7.4,5.8,8.8,71.8,57.0,42.73,24.14,73.75,7.08,58.67,20.91,27.84,55.75,26.67
383,Rome Masters,2010,top2-8,4.14,1.62,66.48,45.86,33.0,12.0,2.86,4.33,3.19,2.38,68.24,41.67,26.86,11.86,4.14,7.62,74.52,60.19,44.5,56.48,71.96,7.5,58.2,13.56,11.72,55.32,36.23
384,Rome Masters,2011,champion,2.0,0.8,62.2,42.0,29.0,11.8,3.0,4.6,3.0,1.8,63.8,43.6,26.8,6.0,5.0,9.4,71.8,54.2,49.64,40.0,69.05,7.58,58.42,28.72,12.03,56.98,32.86
385,Rome Masters,2011,top2-8,3.81,1.29,64.86,41.05,29.62,13.52,2.86,4.57,3.19,1.71,66.29,42.19,26.14,10.76,3.62,7.71,72.52,58.62,45.49,54.43,72.16,10.2,56.78,12.13,15.63,55.3,37.21
386,Rome Masters,2012,champion,1.0,1.0,59.8,40.2,30.6,11.6,4.0,4.6,2.0,2.2,65.4,44.6,27.2,8.8,4.4,8.2,71.6,53.6,45.35,33.33,76.12,15.13,59.18,16.87,33.3,57.19,35.94
387,Rome Masters,2012,top2-8,3.95,1.4,71.0,45.1,32.95,14.75,3.1,4.55,3.55,2.2,69.4,42.95,27.45,12.25,4.15,7.85,77.4,63.0,44.24,52.67,73.06,9.15,56.95,10.64,15.26,55.13,36.69
388,Rome Masters,2013,champion,0.4,0.8,67.4,50.0,34.4,9.2,4.4,6.2,4.8,1.2,69.2,43.8,26.4,10.8,4.0,8.4,75.6,61.0,47.66,7.69,68.8,8.53,52.87,10.35,23.35,55.34,42.47
389,Rome Masters,2013,top2-8,5.2,1.85,70.7,43.3,32.1,14.9,3.25,4.8,3.05,2.2,70.8,45.25,29.1,12.4,3.75,7.15,76.3,65.2,42.52,63.03,74.13,9.82,54.38,5.85,15.26,53.92,40.17
390,Rome Masters,2014,champion,3.4,0.8,82.6,56.0,39.0,15.4,3.0,5.8,5.0,2.4,91.0,60.2,39.2,12.2,6.6,11.4,94.0,79.6,44.54,40.48,69.64,4.52,57.89,18.28,-6.17,54.15,33.72
391,Rome Masters,2014,top2-8,5.62,1.76,71.67,47.05,35.29,13.57,3.33,4.71,4.57,1.81,73.57,47.1,30.48,12.0,4.48,8.1,79.95,65.29,42.89,55.15,75.01,10.3,55.12,9.79,15.39,55.05,36.77
392,Rome Masters,2015,champion,5.0,0.6,72.4,50.4,39.8,12.8,1.4,2.0,6.2,1.8,73.2,45.8,31.8,13.4,3.4,6.2,80.6,65.0,37.86,44.64,78.97,9.54,58.18,9.27,15.16,55.36,24.39
393,Rome Masters,2015,top2-8,4.61,1.78,68.06,39.94,30.83,15.0,2.72,4.17,4.67,1.39,72.33,44.33,28.94,12.39,5.44,9.17,76.83,63.56,42.94,49.68,77.19,11.91,53.34,9.09,5.91,54.73,31.26
394,Rome Masters,2016,champion,5.4,2.0,50.2,29.8,23.8,11.4,1.8,2.8,2.4,2.6,58.2,33.6,20.0,9.6,4.6,9.0,63.8,44.6,49.08,69.23,79.87,20.35,55.88,16.86,13.18,58.86,23.73
395,Rome Masters,2016,top2-8,2.6,1.45,70.35,47.7,34.0,13.15,2.45,4.35,4.35,1.75,75.6,47.3,30.35,12.75,3.8,7.7,79.65,66.3,44.82,37.41,71.28,7.12,58.06,13.01,6.97,54.57,36.1
396,Rome Masters,2017,champion,6.0,2.0,64.33,44.33,35.17,12.17,1.5,2.33,3.67,3.67,75.33,47.0,32.5,12.5,3.83,7.0,77.67,62.0,40.94,62.05,79.34,10.19,60.85,16.73,9.67,55.61,24.97
397,Rome Masters,2017,top2-8,9.1,1.35,63.35,42.15,33.25,12.25,1.85,2.75,3.2,2.2,66.0,40.55,27.7,12.8,4.0,6.65,71.0,58.35,40.53,73.98,78.88,10.57,57.78,7.49,7.12,54.89,29.26
398,Rome Masters,2018,champion,1.2,1.2,57.0,37.6,26.8,12.8,2.4,3.8,3.2,1.6,65.6,43.4,25.2,8.8,3.4,7.8,71.2,51.4,48.88,27.27,71.28,13.22,65.98,26.34,19.57,58.08,32.76
399,Rome Masters,2018,top2-8,3.83,1.7,69.48,45.13,32.74,14.26,2.39,3.91,4.39,2.43,74.17,44.61,29.04,13.17,4.48,8.3,78.96,64.7,43.85,46.59,72.55,7.45,58.56,14.01,7.15,54.96,32.02
400,Rome Masters,2019,champion,1.0,0.8,52.0,34.8,25.6,11.6,2.6,3.0,3.0,2.8,58.2,39.4,22.0,6.4,4.8,9.4,67.0,43.2,52.3,25.0,73.56,17.72,67.44,33.4,35.61,60.8,24.19
401,Rome Masters,2019,top2-8,3.74,2.21,69.37,42.95,30.58,15.26,2.68,4.37,3.37,2.32,70.05,42.32,27.16,12.89,4.21,8.05,75.84,63.58,44.36,52.6,71.2,7.02,57.76,11.28,9.03,54.4,35.19
402,Rome Masters,2020,champion,5.2,1.4,69.8,46.2,32.4,12.8,3.0,4.8,2.6,2.6,82.0,52.6,32.4,11.6,8.0,12.0,83.2,68.6,46.35,66.67,70.13,8.53,54.24,14.78,-4.17,54.81,28.57
403,Rome Masters,2020,top2-8,2.64,2.73,68.41,42.0,30.0,15.0,2.77,4.59,2.95,2.82,76.05,45.0,28.36,13.82,5.86,10.05,78.86,65.59,45.74,47.23,71.43,8.41,56.8,12.29,2.04,54.59,31.35
404,Shanghai Masters,2009,champion,4.8,1.2,72.0,48.6,36.8,12.6,3.4,4.4,4.8,1.2,78.4,47.8,32.6,13.8,5.4,8.6,81.4,69.0,40.77,50.0,75.72,7.52,53.85,8.75,14.48,54.12,33.85
405,Shanghai Masters,2009,top2-8,6.77,1.91,63.18,40.23,30.91,12.64,2.45,3.59,5.5,2.27,66.27,42.18,27.82,10.0,3.59,6.95,72.0,57.45,44.07,55.18,76.83,10.87,55.08,13.57,16.6,55.62,34.06
406,Shanghai Masters,2010,champion,5.0,2.0,50.2,27.8,23.8,13.0,3.2,3.6,3.0,2.0,56.8,35.0,20.8,8.4,3.8,7.6,64.4,42.6,48.64,62.5,85.61,26.18,58.04,19.51,38.89,60.19,32.14
407,Shanghai Masters,2010,top2-8,5.82,1.82,67.64,41.36,31.32,14.77,3.09,4.23,4.32,2.09,66.32,41.0,26.14,12.73,4.55,7.77,73.55,60.41,41.94,57.4,75.73,11.97,56.2,5.92,14.49,54.9,35.25
408,Shanghai Masters,2011,champion,6.25,2.5,56.0,35.25,28.5,10.75,1.75,3.0,1.5,3.5,69.0,36.25,24.25,12.75,4.25,8.5,71.25,53.75,47.34,80.65,80.85,13.95,51.81,12.88,8.33,57.0,26.09
409,Shanghai Masters,2011,top2-8,7.21,2.83,74.58,41.46,31.96,18.92,3.29,4.79,6.08,3.42,79.25,46.83,32.21,15.42,3.75,7.08,82.5,71.33,40.61,54.25,77.09,8.31,57.13,9.57,15.71,53.63,40.35
410,Shanghai Masters,2012,champion,5.8,2.0,60.0,40.4,32.6,9.8,0.6,2.2,2.8,2.0,69.4,40.2,26.6,11.4,3.4,7.4,73.8,55.6,45.51,67.44,80.69,14.52,50.0,10.96,-18.68,57.03,22.92
411,Shanghai Masters,2012,top2-8,6.9,2.3,68.55,40.25,31.3,16.1,2.05,3.2,5.75,3.15,71.55,42.35,28.15,13.2,4.9,8.45,77.6,62.5,42.85,54.55,77.76,11.29,56.89,11.68,6.07,55.39,27.47
412,Shanghai Masters,2013,champion,6.2,1.0,64.6,42.2,32.4,13.2,1.8,2.8,4.2,2.6,78.2,51.2,31.8,11.4,5.2,9.2,80.6,62.2,46.54,59.62,76.78,14.67,58.93,16.71,7.77,56.44,23.33
413,Shanghai Masters,2013,top2-8,9.2,1.3,66.9,43.65,34.95,13.6,2.5,3.05,6.5,1.75,70.4,44.5,31.5,11.95,4.4,7.05,75.5,61.8,38.99,58.6,80.07,9.28,58.49,12.35,19.56,54.99,30.2
414,Shanghai Masters,2014,champion,8.2,0.6,74.8,53.4,40.6,11.8,2.6,3.4,3.2,0.6,81.6,52.0,31.8,16.6,5.4,7.6,85.6,70.8,41.57,71.93,76.03,14.88,55.14,-0.94,5.42,54.73,30.91
415,Shanghai Masters,2014,top2-8,8.27,1.45,75.82,49.23,38.09,14.86,3.05,4.18,8.0,1.91,77.41,49.27,34.05,12.23,3.95,7.14,84.09,69.14,40.7,50.83,77.37,8.26,55.89,12.43,17.65,54.88,36.93
416,Shanghai Masters,2015,champion,5.4,0.2,47.6,32.4,24.6,10.4,1.0,1.8,4.4,3.6,62.4,36.2,23.4,7.8,7.2,11.4,66.2,43.8,51.06,55.1,75.93,11.29,68.42,38.65,-7.6,60.18,13.64
417,Shanghai Masters,2015,top2-8,9.38,1.95,79.29,49.67,39.24,16.67,3.1,3.95,6.9,2.52,82.33,51.67,36.05,15.29,4.71,7.38,86.9,74.71,39.07,57.62,79.0,9.23,56.28,6.41,14.66,53.77,34.86
418,Shanghai Masters,2016,champion,6.0,2.4,53.6,30.8,25.0,11.6,2.0,3.2,2.0,2.6,60.8,36.8,21.4,9.2,5.0,9.2,66.8,47.6,49.57,75.0,81.17,23.02,50.88,12.55,8.15,58.39,25.81
419,Shanghai Masters,2016,top2-8,5.33,2.25,70.54,44.96,33.79,13.29,3.21,4.67,5.21,2.92,71.29,43.92,29.88,11.42,3.88,7.5,77.08,64.75,43.23,50.57,75.16,7.13,51.95,10.23,17.01,54.35,38.37
420,Shanghai Masters,2017,champion,9.4,0.6,57.4,41.6,33.0,10.0,1.4,2.0,5.2,0.6,77.6,50.8,32.8,13.0,5.2,8.0,74.8,60.2,41.06,64.38,79.33,14.76,63.29,14.78,5.0,55.41,20.0
421,Shanghai Masters,2017,top2-8,9.0,1.5,73.95,50.23,39.64,14.45,2.55,3.64,8.23,2.82,81.05,53.09,37.45,13.0,4.59,7.41,84.68,70.32,38.04,52.23,78.92,8.38,60.92,14.43,8.11,54.63,32.94
422,Shanghai Masters,2018,champion,5.2,0.8,51.6,37.2,31.6,8.6,0.8,0.8,6.2,2.8,61.4,41.4,26.4,8.6,3.8,6.6,66.6,46.4,44.2,45.61,84.95,21.18,59.72,16.72,42.42,58.94,10.81
423,Shanghai Masters,2018,top2-8,8.14,1.29,65.57,44.48,33.95,12.24,2.05,3.14,6.71,2.29,71.71,45.05,31.19,12.67,3.43,6.29,74.05,63.24,39.17,54.81,76.33,7.1,58.04,10.52,10.76,53.94,33.3
424,Shanghai Masters,2019,champion,8.4,2.2,62.6,43.0,36.2,9.8,3.2,4.0,4.2,2.8,64.4,39.4,27.6,10.8,2.2,5.0,72.0,55.0,41.78,66.67,84.19,14.14,50.0,6.8,36.0,56.69,44.44
425,Shanghai Masters,2019,top2-8,9.2,2.45,70.1,48.1,38.3,12.2,2.15,3.2,6.1,2.25,73.05,45.45,30.95,14.75,3.3,5.95,77.85,65.3,37.97,60.13,79.63,11.53,55.45,2.01,11.73,54.38,34.97
426,Stuttgart Masters,2001,champion,10.6,3.4,90.4,49.8,38.2,21.8,4.0,6.2,7.0,2.8,91.2,53.0,37.8,17.2,6.4,10.2,96.2,85.4,39.91,60.23,76.71,5.39,53.69,8.66,1.77,52.97,37.8
427,Stuttgart Masters,2001,top2-8,11.05,3.14,82.1,46.52,36.9,19.48,3.24,4.67,9.1,3.1,88.33,51.05,36.0,18.29,4.71,7.48,90.43,80.0,39.17,54.84,79.32,8.8,54.75,5.69,6.41,53.06,38.44
428,US Open,2001,champion,7.14,6.0,103.71,57.0,44.14,25.43,3.14,5.29,10.43,6.71,110.86,60.71,41.29,21.57,6.86,12.86,117.57,97.0,45.78,40.64,77.44,9.43,54.44,11.43,6.02,54.79,29.15
429,US Open,2001,top2-8,13.19,3.75,104.0,60.56,48.44,25.31,3.59,4.94,10.69,5.5,113.28,66.5,47.31,21.53,7.28,11.69,118.19,99.09,40.32,55.23,79.99,8.85,58.26,12.24,10.39,54.4,29.71
430,US Open,2002,champion,20.57,8.57,112.29,65.57,54.14,28.29,3.29,4.14,10.86,4.43,113.86,67.43,49.14,24.14,4.57,7.86,123.0,103.14,36.25,65.45,82.57,9.69,60.55,8.56,21.33,54.39,34.5
431,US Open,2002,top2-8,9.69,4.31,106.84,66.53,50.81,22.94,4.91,6.47,9.75,5.88,112.28,64.31,44.06,22.88,6.06,10.72,119.09,100.03,41.28,49.85,76.37,7.86,56.91,9.21,19.36,54.35,37.64
432,US Open,2003,champion,17.57,2.29,100.14,63.57,52.14,23.14,4.71,5.43,8.14,3.57,109.86,69.0,47.43,19.57,7.0,10.86,118.14,91.86,40.1,68.34,82.02,13.28,63.28,15.38,22.28,56.26,33.33
433,US Open,2003,top2-8,7.75,3.38,106.25,65.66,48.88,23.66,4.75,7.12,9.38,5.69,115.47,66.75,45.22,22.12,8.06,13.47,120.66,101.06,42.98,45.24,74.44,6.69,58.29,12.89,6.87,54.42,34.58
434,US Open,2004,champion,10.5,4.0,100.67,62.0,48.0,21.0,2.67,4.5,2.83,3.67,102.0,61.17,38.83,19.5,5.5,11.17,112.67,90.0,43.53,78.77,77.42,13.94,54.31,6.55,10.09,55.59,28.72
435,US Open,2004,top2-8,12.38,4.59,98.78,59.34,45.62,22.03,3.88,5.91,8.91,5.34,104.34,61.72,41.09,18.06,6.56,12.38,112.84,90.28,44.49,58.15,76.88,10.31,55.86,13.49,12.66,55.55,32.31
436,US Open,2005,champion,10.71,1.86,104.71,68.57,52.43,19.71,3.71,5.57,4.86,5.0,107.57,62.14,39.71,20.86,6.86,11.86,119.14,93.14,45.34,68.79,76.46,12.56,54.54,8.62,8.77,56.12,31.96
437,US Open,2005,top2-8,8.22,4.12,114.62,70.31,51.69,24.53,4.78,7.59,9.22,5.88,119.34,70.41,46.72,22.81,7.53,13.41,126.03,107.94,42.78,47.13,73.52,7.17,55.36,8.74,6.83,53.87,36.14
438,US Open,2006,champion,9.29,1.29,90.57,57.57,46.71,18.14,3.0,4.29,4.57,3.0,105.71,61.43,37.71,20.29,6.71,12.29,112.57,83.71,45.17,67.03,81.14,19.75,54.97,9.15,15.33,57.35,25.87
439,US Open,2006,top2-8,9.56,2.56,102.53,64.59,49.03,22.0,4.41,6.38,6.72,4.38,103.84,64.91,43.34,17.06,4.81,10.12,114.47,91.91,43.51,58.72,75.91,9.14,57.99,14.17,21.59,55.47,38.67
440,US Open,2007,champion,10.71,1.57,93.14,59.0,46.14,22.71,3.29,4.57,9.14,5.14,103.0,66.14,45.43,16.29,5.86,10.43,110.14,86.0,40.4,53.95,78.2,9.51,66.52,22.33,15.81,56.15,30.47
441,US Open,2007,top2-8,8.56,2.91,103.97,66.41,50.06,21.22,3.94,6.09,7.25,4.12,112.75,66.91,45.0,20.38,6.59,12.16,118.66,98.06,43.04,54.14,75.38,8.13,56.5,12.04,10.51,54.75,33.37
442,US Open,2008,champion,12.29,1.71,103.43,68.14,52.86,20.43,4.14,5.43,5.29,4.14,111.0,68.0,46.0,20.14,6.57,11.29,118.14,96.29,42.19,69.91,77.58,9.93,57.89,11.05,18.05,55.09,32.48
443,US Open,2008,top2-8,13.28,3.41,111.78,68.66,53.28,23.66,4.47,6.53,9.44,4.66,120.03,71.19,48.47,23.91,6.66,11.66,124.59,107.22,40.41,58.45,77.6,9.51,54.87,5.91,11.33,53.75,35.9
444,US Open,2009,champion,11.71,3.43,97.57,62.14,49.0,18.43,5.86,8.14,5.29,3.29,111.14,70.14,43.43,19.0,6.71,12.86,116.14,92.57,44.58,68.88,78.85,16.93,52.02,5.68,19.81,55.65,38.76
445,US Open,2009,top2-8,9.84,3.44,97.03,59.16,46.28,21.78,3.94,5.81,6.84,4.66,103.62,61.19,41.06,19.22,5.94,11.09,111.41,89.25,42.72,58.99,78.23,11.13,57.51,12.21,14.25,55.52,34.38
446,US Open,2010,champion,6.43,1.86,88.0,56.86,46.43,20.29,2.14,2.86,6.71,3.29,107.43,65.0,44.14,20.29,7.14,10.86,109.71,85.71,40.21,48.93,81.66,13.75,65.16,17.34,9.08,56.14,20.85
447,US Open,2010,top2-8,10.03,4.44,111.69,67.44,51.16,24.62,4.62,6.69,7.66,5.38,120.5,69.41,46.97,23.47,6.97,12.31,125.84,106.34,42.22,56.7,75.86,8.19,55.64,9.7,12.44,54.2,35.21
448,US Open,2011,champion,5.29,1.86,94.86,60.71,44.14,18.43,3.71,6.29,4.57,3.86,97.86,61.0,36.0,14.43,6.57,13.86,110.0,82.71,52.6,53.65,72.71,13.69,53.97,14.82,11.58,57.08,31.22
449,US Open,2011,top2-8,10.34,2.69,96.03,61.62,46.81,20.16,3.81,5.47,6.09,4.06,99.41,57.91,38.47,19.22,5.25,10.38,108.69,86.75,42.98,62.93,75.97,9.54,58.59,12.28,19.07,55.61,34.51
450,US Open,2012,champion,8.86,3.57,112.0,69.14,50.43,21.71,5.29,8.71,7.43,4.57,120.0,72.57,47.71,20.0,9.14,15.43,124.43,107.57,44.33,54.39,72.94,7.2,50.65,8.48,1.49,53.63,36.08
451,US Open,2012,top2-8,10.48,3.35,98.26,58.45,46.42,23.32,3.65,5.16,7.32,4.23,109.81,63.87,42.39,21.45,7.13,12.1,115.71,92.35,42.93,58.88,79.42,13.05,58.58,11.89,11.81,55.61,29.9
452,US Open,2013,champion,2.43,1.29,83.71,55.71,42.71,17.57,2.71,3.29,6.71,2.71,91.71,55.71,35.71,15.0,5.0,10.57,101.29,74.14,45.63,26.59,76.66,12.56,62.75,21.08,35.07,57.74,23.74
453,US Open,2013,top2-8,8.06,3.66,105.22,63.78,47.69,22.94,5.0,7.47,7.16,4.34,115.5,66.88,43.41,22.25,7.56,13.34,120.47,100.25,44.05,52.96,74.77,9.86,55.36,9.6,10.26,54.58,35.9
454,US Open,2014,champion,14.0,4.57,95.57,53.43,44.14,22.86,3.71,5.29,7.71,3.71,102.0,57.0,38.57,22.14,6.29,10.29,108.29,89.29,40.79,64.49,82.61,14.94,54.25,5.05,9.0,54.81,33.95
455,US Open,2014,top2-8,8.71,3.74,102.97,60.55,46.03,24.26,5.13,7.06,7.16,5.06,108.0,63.16,42.13,20.26,6.58,11.87,115.9,95.06,43.33,54.88,76.02,9.32,57.19,12.01,17.23,54.94,37.3
456,US Open,2015,champion,6.71,1.86,94.0,59.71,44.71,21.0,4.71,6.43,6.14,4.14,95.86,52.57,34.57,19.29,5.71,11.57,107.71,82.14,46.22,52.22,74.88,9.12,61.24,16.68,23.9,56.73,35.72
457,US Open,2015,top2-8,14.5,3.31,100.03,60.19,48.84,22.94,3.38,4.75,7.16,4.06,103.38,59.25,40.75,21.84,5.88,10.22,112.56,90.84,40.15,66.94,81.14,12.36,57.58,8.09,13.63,55.34,31.73
458,US Open,2016,champion,8.71,3.86,131.86,75.29,57.14,31.71,7.86,10.14,5.14,7.86,127.0,71.86,50.43,27.29,6.71,11.71,138.14,120.71,38.76,62.89,75.89,5.71,56.05,6.56,20.21,53.37,46.41
459,US Open,2016,top2-8,8.84,4.65,97.23,55.26,42.65,23.03,3.9,5.97,5.71,5.26,102.06,57.32,38.45,19.74,7.26,12.55,109.55,89.74,43.58,60.76,77.18,10.1,54.87,10.75,7.48,54.97,32.24
460,US Open,2017,champion,4.14,2.71,85.86,56.71,43.57,18.86,2.57,3.57,5.86,4.29,104.29,66.29,41.57,16.14,8.43,14.29,109.0,81.14,45.22,41.4,76.83,14.12,64.7,22.23,13.0,57.33,19.99
461,US Open,2017,top2-8,11.34,3.09,102.28,64.06,48.56,21.75,4.16,6.25,6.62,4.88,107.19,63.31,42.72,20.47,5.56,10.69,114.31,95.16,41.56,63.14,75.8,8.32,56.91,10.26,14.55,54.57,36.89
462,US Open,2018,champion,3.86,2.43,94.14,60.86,44.71,20.29,2.43,3.43,5.57,3.57,102.43,64.43,41.43,16.43,8.0,13.0,109.57,87.0,43.47,40.93,73.46,9.16,60.97,17.73,9.31,55.74,20.88
463,US Open,2018,top2-8,10.91,3.12,101.28,63.78,49.56,20.94,3.31,5.47,8.75,4.56,111.38,66.88,45.22,21.41,7.03,12.16,115.25,97.41,41.88,55.49,77.7,10.09,55.84,7.73,2.7,54.19,31.03
464,US Open,2019,champion,5.83,3.33,94.33,54.0,43.33,23.0,3.33,5.17,7.67,2.67,110.5,72.17,44.67,18.67,8.67,14.17,113.5,91.33,43.24,43.19,80.24,18.34,57.03,8.32,3.22,55.41,26.73
465,US Open,2019,top2-8,10.94,4.45,108.77,65.13,50.0,23.87,5.58,7.84,4.77,5.35,111.26,67.71,45.06,19.71,6.81,12.26,120.35,99.68,43.2,69.64,76.77,10.22,54.7,9.44,15.62,54.7,39.0
466,US Open,2020,champion,7.0,3.0,99.14,61.14,46.57,20.14,5.86,8.43,6.71,5.14,101.57,62.71,40.86,17.14,6.57,12.14,110.29,90.43,43.64,51.06,76.17,11.01,53.0,8.89,15.39,54.95,40.98
467,US Open,2020,top2-8,11.25,4.25,107.38,67.75,52.5,20.53,4.88,7.03,7.16,3.84,113.5,71.34,47.44,19.25,6.06,11.47,119.84,101.03,42.23,61.11,77.49,10.99,51.8,6.14,16.59,54.26,38.0
468,Wimbledon,2001,champion,30.29,8.29,122.57,75.71,65.29,25.57,2.57,3.86,13.86,5.29,126.43,76.0,59.14,28.0,4.14,6.57,130.14,118.86,31.21,68.61,86.24,8.42,54.57,-0.95,3.57,52.27,37.01
469,Wimbledon,2001,top2-8,10.97,4.66,108.53,68.75,53.0,21.31,4.97,6.88,8.0,5.41,109.16,64.12,44.44,20.81,6.09,11.0,118.22,99.47,41.33,57.83,77.09,7.78,53.57,7.37,16.88,54.31,38.48
470,Wimbledon,2002,champion,10.43,2.71,92.29,49.86,39.0,25.29,4.14,5.71,4.0,6.14,103.71,68.29,45.29,11.57,9.71,15.71,111.14,84.86,45.46,72.28,78.22,11.9,59.6,26.93,10.69,56.7,26.66
471,Wimbledon,2002,top2-8,9.72,4.72,122.94,71.28,54.47,28.0,4.91,7.91,8.78,6.44,131.56,75.53,52.69,26.41,7.84,13.34,134.94,119.56,40.38,52.54,76.42,6.66,54.2,7.06,3.3,53.02,37.22
472,Wimbledon,2003,champion,13.43,2.71,93.57,57.43,44.71,21.43,3.14,4.29,6.14,3.14,100.57,64.14,41.86,16.57,6.43,11.0,108.29,85.86,42.36,68.63,77.85,12.59,59.3,13.82,14.74,55.78,28.06
473,Wimbledon,2003,top2-8,13.72,4.5,110.69,70.44,55.66,21.88,4.06,5.97,6.78,3.91,118.91,73.91,49.78,22.03,6.66,11.31,124.62,104.97,40.06,66.93,79.02,11.67,54.36,5.4,9.12,54.28,34.55
474,Wimbledon,2004,champion,9.43,2.0,95.29,61.71,47.14,20.71,3.86,4.71,5.71,2.71,95.57,58.43,38.43,17.14,5.0,10.0,107.86,83.0,43.12,62.29,76.39,10.62,61.67,15.52,31.95,56.51,32.02
475,Wimbledon,2004,top2-8,11.53,3.66,103.91,66.53,52.34,21.09,3.56,5.03,8.09,4.47,112.59,73.06,49.53,18.66,6.81,11.31,117.84,98.66,40.04,58.77,78.67,10.88,56.42,9.22,10.57,54.43,30.78
476,Wimbledon,2005,champion,12.14,1.43,89.0,57.71,46.14,19.86,1.43,2.43,4.43,3.14,100.29,59.86,41.71,18.29,4.71,9.0,106.29,83.0,40.26,73.26,79.95,10.27,63.47,18.23,6.52,56.15,21.26
477,Wimbledon,2005,top2-8,12.75,2.97,105.16,65.78,52.31,22.53,3.69,5.12,8.84,4.44,112.28,67.41,46.16,21.84,6.38,10.97,119.12,98.31,40.13,59.06,79.52,11.04,57.21,8.54,13.91,54.79,31.82
478,Wimbledon,2006,champion,9.71,0.71,81.57,53.71,42.57,18.43,1.14,1.71,4.57,2.57,83.0,55.14,34.86,12.86,3.0,8.0,96.29,68.29,43.65,68.0,79.26,16.04,66.15,19.99,29.17,58.51,17.61
479,Wimbledon,2006,top2-8,11.34,3.41,118.31,74.69,57.66,24.22,4.03,6.0,8.56,4.53,120.25,75.88,52.78,21.12,6.22,10.97,128.22,110.34,40.97,56.98,77.2,7.64,55.52,7.92,10.47,53.75,35.36
480,Wimbledon,2007,champion,14.17,1.0,100.0,65.17,50.83,21.33,2.83,4.0,2.67,2.0,104.5,65.67,43.67,20.33,4.67,8.67,112.67,91.83,39.3,84.14,78.0,11.5,61.24,8.88,16.89,55.1,31.57
481,Wimbledon,2007,top2-8,10.88,2.56,109.78,71.94,56.69,21.91,3.47,5.09,10.06,4.47,117.38,72.66,51.22,21.59,5.53,9.78,123.16,104.0,38.48,51.96,78.8,8.31,57.9,9.62,11.63,54.22,34.23
482,Wimbledon,2008,champion,6.43,1.71,103.57,74.86,58.14,18.0,2.57,3.29,9.86,2.71,112.57,69.57,49.14,19.0,6.43,10.43,120.57,95.57,40.75,39.47,77.66,7.03,62.7,18.51,16.47,55.78,23.98
483,Wimbledon,2008,top2-8,14.0,3.09,115.75,69.72,54.91,26.47,4.28,5.91,9.12,4.28,119.88,72.78,52.19,22.38,5.84,10.03,126.69,108.94,38.53,60.55,78.76,7.05,57.51,9.99,14.19,53.77,37.08
484,Wimbledon,2009,champion,18.14,1.71,106.14,71.14,61.86,21.71,2.0,2.71,12.57,3.57,117.43,79.0,59.14,18.71,5.43,8.71,123.14,100.43,34.41,59.07,86.96,12.1,62.03,13.34,11.46,55.08,23.73
485,Wimbledon,2009,top2-8,17.09,3.53,108.0,69.84,57.19,22.19,3.38,4.81,11.38,4.09,115.78,71.28,52.03,21.59,5.75,9.62,121.53,102.25,37.11,60.03,81.89,8.9,58.15,9.63,10.5,54.31,33.33
486,Wimbledon,2010,champion,7.71,2.14,101.14,68.86,54.43,20.0,2.14,3.29,15.0,3.57,108.71,65.71,49.29,19.43,5.57,10.14,114.43,95.43,36.73,33.95,79.04,4.03,61.96,16.77,10.12,54.53,24.5
487,Wimbledon,2010,top2-8,15.53,3.81,104.81,63.78,52.81,24.06,3.56,4.62,10.66,4.53,115.16,72.47,51.44,19.72,5.84,9.97,120.88,99.09,39.15,59.3,82.8,11.82,58.64,12.45,18.48,54.95,31.67
488,Wimbledon,2011,champion,8.71,2.29,95.14,65.14,50.43,17.71,2.43,4.0,9.0,3.43,102.86,65.14,43.71,16.86,5.57,10.57,110.43,87.57,41.75,49.18,77.42,10.32,59.03,14.33,8.05,55.77,27.45
489,Wimbledon,2011,top2-8,14.5,2.31,101.31,66.72,53.81,20.22,3.38,4.25,8.28,4.06,112.06,71.09,49.97,19.16,5.59,9.59,116.97,96.41,38.56,63.65,80.65,10.36,58.46,11.69,21.24,54.82,30.71
490,Wimbledon,2012,champion,10.14,1.57,98.43,65.71,51.29,19.14,3.14,4.43,7.57,3.14,112.29,72.57,46.0,18.0,7.29,12.71,118.71,92.0,44.92,57.26,78.06,14.67,58.5,13.18,13.52,56.34,25.85
491,Wimbledon,2012,top2-8,11.62,2.12,106.03,68.62,53.66,22.62,4.44,5.69,8.75,3.34,110.25,70.16,49.22,18.88,5.22,9.56,118.44,97.84,38.95,57.04,78.2,8.05,60.47,13.38,23.43,54.76,37.31
492,Wimbledon,2013,champion,12.71,1.86,101.29,65.71,51.71,19.29,4.43,6.14,5.29,4.57,109.0,67.0,45.43,18.0,6.71,11.86,116.57,93.71,42.34,70.61,78.69,10.88,54.22,11.36,15.57,55.44,34.11
493,Wimbledon,2013,top2-8,12.84,3.39,98.55,63.55,51.81,19.87,2.87,4.03,9.03,3.16,114.03,73.97,49.74,18.61,7.94,12.16,117.35,95.23,40.79,58.71,81.53,14.29,56.77,10.31,5.92,55.2,24.89
494,Wimbledon,2014,champion,12.29,1.71,119.57,80.0,60.86,23.29,3.57,5.14,12.29,4.29,129.14,79.71,57.71,22.43,7.71,12.14,133.14,115.57,38.55,50.0,76.08,3.68,58.86,13.48,5.95,53.53,29.75
495,Wimbledon,2014,top2-8,18.34,2.12,98.53,64.97,53.69,19.5,2.88,3.62,8.03,3.84,108.22,68.47,47.44,19.28,6.06,10.06,114.69,92.06,39.17,69.55,82.64,13.35,58.1,9.6,19.32,55.47,26.46
496,Wimbledon,2015,champion,11.0,1.57,104.57,73.14,56.0,20.0,3.71,4.57,12.14,3.57,111.0,67.86,47.86,20.57,5.86,10.0,118.57,97.0,39.08,47.54,76.57,6.04,63.63,15.95,22.58,55.0,31.37
497,Wimbledon,2015,top2-8,12.94,3.0,107.0,67.72,55.22,22.34,2.78,4.03,10.03,4.53,113.19,70.28,49.97,21.03,5.38,9.66,119.75,100.44,38.55,56.33,81.54,10.44,56.87,7.86,13.29,54.38,29.44
498,Wimbledon,2016,champion,8.29,1.14,95.0,59.71,47.57,20.0,3.0,4.14,6.0,2.43,97.71,64.57,42.57,13.86,5.86,10.57,108.86,83.86,43.11,58.01,79.67,13.74,56.67,14.85,17.02,56.49,28.14
499,Wimbledon,2016,top2-8,16.91,2.75,106.16,67.22,56.31,22.03,3.34,4.69,9.84,4.5,119.12,74.41,52.22,21.81,6.66,10.81,123.44,101.84,39.22,63.21,83.77,13.59,56.57,7.79,9.61,54.79,30.26
500,Wimbledon,2017,champion,10.29,1.71,77.29,51.86,42.71,17.0,2.43,3.0,6.14,3.0,92.0,57.43,38.0,17.14,5.14,8.71,96.57,72.71,41.05,62.63,82.36,16.19,66.85,17.27,21.99,57.05,25.62
501,Wimbledon,2017,top2-8,17.22,3.12,106.81,68.59,56.09,22.09,3.84,5.16,9.81,4.47,114.97,72.31,51.94,20.22,5.88,9.88,121.0,100.78,38.7,63.71,81.78,9.95,57.8,10.4,14.91,54.56,34.31
502,Wimbledon,2018,champion,10.0,2.29,92.57,66.14,53.14,14.14,3.71,5.29,7.0,3.43,114.43,74.14,47.14,17.57,8.71,14.29,117.0,90.0,44.93,58.82,80.34,16.76,53.5,9.89,9.18,56.52,27.02
503,Wimbledon,2018,top2-8,19.91,3.38,110.06,74.94,61.38,20.53,2.78,3.91,10.75,3.97,121.81,78.66,55.47,21.03,6.34,10.41,127.22,104.66,38.62,64.94,81.91,11.39,58.46,9.72,10.2,54.86,27.3
504,Wimbledon,2019,champion,8.43,4.14,109.14,70.14,54.71,20.57,3.43,5.29,9.29,4.14,111.57,66.86,45.43,20.43,6.0,11.29,121.0,99.71,43.45,47.57,78.0,10.05,52.74,7.05,11.7,54.82,31.91
505,Wimbledon,2019,top2-8,9.03,2.62,99.75,64.75,51.34,20.5,3.59,4.88,10.97,4.0,108.31,66.31,45.78,19.56,6.38,10.81,114.81,93.25,40.54,45.15,79.29,10.25,58.57,12.0,14.55,55.18,31.1
