,tourney_name,Era,w_ace,w_df,w_svpt,w_1stIn,w_1stWon,w_2ndWon,w_bpSaved,w_bpFaced,winner_total_points,w_1stSv%,w_1stSvWin%,w_2ndSvWin%,w_SvGms,l_ace,l_df,l_svpt,l_1stIn,l_1stWon,l_2ndWon,l_bpSaved,l_bpFaced,loser_total_points,l_1stSv%,l_1stSvWin%,l_2ndSvWin%,l_SvGms,points_difference,1stSv%_difference,1stSvWin%_difference,2ndSvWin%_difference,ace%,bpFaced%
0,Australian Open,2001-2005,9.76,3.06,101.96,59.98,45.91,23.01,4.13,6.38,116.31,59.38,77.16,55.62,16.54,7.12,4.59,109.87,64.2,42.1,20.38,6.96,12.71,95.52,58.32,64.29,43.6,16.52,20.79,1.06,12.86,12.02,57.8,33.38
1,Australian Open,2006-2010,9.27,2.54,100.76,63.17,47.86,20.96,4.11,6.16,115.51,63.22,76.78,57.14,16.48,6.93,3.81,107.75,64.44,41.66,19.41,6.6,12.31,93.01,59.68,63.2,43.75,16.32,22.5,3.54,13.58,13.4,57.16,33.05
2,Australian Open,2011-2015,9.34,2.36,94.94,59.36,46.31,20.04,3.53,5.21,112.02,62.77,78.9,57.47,15.91,6.46,3.66,104.35,64.22,41.61,17.07,6.79,12.38,87.27,61.41,63.6,41.37,15.6,24.75,1.36,15.29,16.1,59.04,29.3
3,Australian Open,2016-2020,12.14,2.9,105.05,68.05,53.31,21.17,3.74,5.32,119.97,64.62,79.42,58.64,17.55,9.25,4.06,113.35,71.27,48.53,19.34,6.85,11.63,98.44,62.53,67.17,45.33,17.04,21.53,2.09,12.24,13.31,57.08,31.12
4,Canada Masters,2001-2005,7.34,2.55,70.04,41.43,32.19,16.14,2.94,4.2,78.17,59.55,78.23,56.87,11.38,5.71,3.33,73.59,42.18,29.03,14.72,4.33,7.52,65.46,57.18,67.98,45.77,11.2,12.71,2.37,10.24,11.1,56.24,35.72
5,Canada Masters,2006-2010,6.33,2.26,71.79,43.94,33.9,15.52,3.36,4.68,79.62,61.45,77.86,57.1,11.5,5.08,2.57,74.64,43.89,29.58,14.87,4.25,7.53,66.82,58.66,66.72,47.58,11.32,12.8,2.79,11.14,9.52,54.97,38.34
6,Canada Masters,2011-2015,7.23,2.7,71.3,43.07,33.25,15.62,3.28,4.56,78.55,60.53,78.63,57.11,11.47,4.7,3.47,73.24,42.67,29.15,14.41,4.47,7.71,66,57.98,67.67,45.92,11.17,12.55,2.55,10.96,11.19,60.17,37.21
7,Canada Masters,2016-2020,7.72,2.92,71.22,44.13,34.29,15.04,3,4.31,78.69,62.21,78.77,56.61,11.51,5.35,3.29,73.37,43.68,30.23,13.77,3.82,7.05,65.9,59.22,68.8,45.58,11.25,12.79,3,9.97,11.04,59.16,37.83
8,Cincinnati Masters,2001-2005,7.75,2.62,68.94,41.36,32.65,16.01,2.51,3.48,77.78,59.66,80.08,59.41,11.26,6.74,3.67,73.13,41.52,29.63,14.38,4.25,7.32,64.29,56.52,70.05,44.72,11.09,13.49,3.14,10.04,14.7,53.66,32.1
9,Cincinnati Masters,2006-2010,7.55,2.07,68.58,42.27,33.41,15,2.37,3.42,76.32,62.01,80.04,57.39,11.3,5.65,2.77,71.46,41.39,29.08,14.48,3.56,6.43,63.73,57.88,69.98,47.55,11.01,12.59,4.14,10.06,9.85,57.12,34.68
10,Cincinnati Masters,2011-2015,7.65,2.36,69.85,41.96,32.87,15.43,2.56,3.74,79.98,59.91,79.43,55.51,11.31,5.43,3.35,76.37,44.76,29.93,14.76,4.65,8.04,66.25,58.21,65.51,46.06,11.2,13.73,1.7,13.92,9.45,58.75,31.73
11,Cincinnati Masters,2016-2020,7.77,2.85,69.42,42,32.8,15.81,2.51,3.6,77.22,60.5,79.16,58.43,11.39,6.53,3.36,72.38,42.11,29.64,14.13,3.85,6.79,64.58,58.06,69.71,46.03,11.1,12.65,2.44,9.44,12.4,54.19,34.6
12,Hamburg Masters,2001-2005,3.67,1.96,69.61,42.22,30.02,15.05,3.72,5.64,78.12,61.1,72.45,56.34,10.94,2.74,2.82,72.14,42.82,26.44,12.65,4.95,9.43,63.63,59.36,61.33,42.86,10.85,14.49,1.74,11.11,13.48,56.24,37.47
13,Hamburg Masters,2006-2010,3.08,1.54,68.09,43.92,30.8,13.48,3.83,5.56,75.94,64.8,72.03,57.04,10.63,2.18,2.05,69,42.48,25.8,11.53,4.38,8.68,61.15,61.25,59.96,42.78,10.54,14.79,3.54,12.06,14.26,57.62,38.97
14,Hamburg Masters,2011-2015,,,,,,,,,,,,,,,,,,,,,,,,,,,,,,,,
15,Hamburg Masters,2016-2020,,,,,,,,,,,,,,,,,,,,,,,,,,,,,,,,
16,Indian Wells Masters,2001-2005,5.7,2.76,66.89,39.22,29.69,15.55,2.68,4.08,75.04,58.5,76.75,57.21,10.92,4.04,3.25,69.12,39.36,25.64,13.67,3.98,7.76,60.96,56.83,65.14,45.15,10.69,14.08,1.68,11.61,12.06,58.56,34.35
17,Indian Wells Masters,2006-2010,5.61,1.79,66.44,40.74,30.99,14.72,2.89,4.11,75.62,61.56,77.14,58.26,10.8,4.08,2.61,70.3,41.28,27.17,13.21,4.53,8.07,61.11,58.75,64.87,45,10.57,14.51,2.81,12.27,13.26,58.09,33.66
18,Indian Wells Masters,2011-2015,6.86,2.19,69.21,42.1,32.73,15.05,2.73,4,78.24,61.13,78.93,56.84,11.33,4.13,2.9,73.29,43.62,29.05,13.78,4.37,7.74,64.26,59.19,66,45.71,11.09,13.97,1.93,12.93,11.13,61.97,34.08
19,Indian Wells Masters,2016-2020,6.46,2.22,67.55,41.91,31.93,14.91,2.79,3.98,75.92,62.02,77.39,59.52,11.07,4.43,3.17,70.77,42.27,28.57,13.12,4.18,7.45,62.4,59.2,66.73,45.56,10.82,13.52,2.81,10.66,13.96,58.99,34.77
20,Madrid Masters,2001-2005,7.06,2.39,67.7,40.56,31.98,16.19,2.54,3.35,76.66,59.48,79.92,60.78,11.07,6.37,2.83,71.28,40.26,28.34,14.43,3.7,6.65,62.32,56.74,69.51,45.26,10.86,14.35,2.74,10.41,15.52,50.66,33.5
21,Madrid Masters,2006-2010,7.05,1.79,73.06,45.44,35.11,16.01,2.72,3.76,79.89,62.14,78.67,58.91,11.66,6.2,2.75,74.93,45.83,32.05,14.11,3.84,6.6,68.11,61.05,69.23,47.45,11.45,11.78,1.09,9.45,11.46,53.1,36.27
22,Madrid Masters,2011-2015,5.24,1.55,69.76,45.93,34.46,13.38,3.28,4.53,77.3,66.02,76.12,57.52,11.17,4.68,1.79,72.05,44.77,29.69,12.91,4.4,7.67,64.51,62.4,65.75,45.97,10.99,12.79,3.62,10.37,11.55,52.07,37.22
23,Madrid Masters,2016-2020,5.59,1.57,69.47,45.64,34.87,14.02,2.81,3.84,77.09,65.81,77.23,60.11,11.37,4.4,2.13,71.8,46.24,31.44,12.15,3.76,6.81,64.17,64.42,67.12,46.67,11.25,12.92,1.38,10.12,13.44,55.61,35.94
24,Miami Masters,2001-2005,6.49,2.66,71.86,41.7,31.94,16.85,3.16,4.6,79.91,58.48,77.61,57.02,11.42,4.71,3.28,74.11,42.1,28.12,14.88,4.03,7.58,66.06,56.29,66.32,45.45,11.22,13.86,2.19,11.29,11.57,57.92,37.82
25,Miami Masters,2006-2010,5.87,2.01,67.09,42.13,31.81,14.21,2.7,3.96,76.37,63.1,76.83,57.82,10.92,3.78,2.91,70.25,41.2,26.72,13.17,4.3,7.98,60.97,58.57,64.33,43.85,10.6,15.41,4.53,12.5,13.97,60.84,33.11
26,Miami Masters,2011-2015,5.55,2.05,64.91,39.19,30.04,14.71,2.78,4,74.34,60.75,77.92,59.4,10.59,3.96,3,67.98,38.61,25.6,12.79,4.04,7.73,58.55,56.83,64.73,42.91,10.39,15.8,3.92,13.18,16.49,58.32,33.9
27,Miami Masters,2016-2020,6.99,2.53,69.53,43.5,33.61,14.69,2.58,3.83,78.94,62.78,78.08,57.55,11.35,4.66,3.24,74.82,44.4,29.8,14.37,4.45,7.73,65.4,58.97,66.12,46.47,11.11,13.54,3.81,11.97,11.07,59.87,33.18
28,Monte Carlo Masters,2001-2005,2.96,2.19,70.45,41.18,29.42,16.09,3.95,5.78,78.54,58.72,72.28,56.22,10.87,2.2,2.96,72.44,41.02,25.12,14.28,4.92,9.21,64.34,56.23,60.62,44.65,10.76,14.2,2.49,11.66,11.57,57.01,38.58
29,Monte Carlo Masters,2006-2010,2.63,2.17,67.72,43.16,30.08,13.22,3.47,5.53,77.71,64.07,71.12,55.27,10.78,2.07,2.91,72.5,42.53,25.45,12.64,4.89,9.61,62.51,58.44,58.63,41.43,10.65,15.21,5.63,12.48,13.84,55.65,36.51
30,Monte Carlo Masters,2011-2015,3.24,1.57,61.12,38.12,27.87,12.82,2.87,4.36,71.28,62.77,74.33,56.72,9.92,1.9,2.13,64.56,38.03,22.68,11.29,4.24,8.53,54.4,58.34,58.44,42.43,9.78,16.88,4.43,15.89,14.29,62.33,33.84
31,Monte Carlo Masters,2016-2020,3.22,2.08,69.94,42.51,30.35,14.98,3.45,5.36,78.16,60.87,72.66,56.24,11.02,2.51,2.44,72.37,42.64,26.4,13.15,4.91,9.24,64.15,58.54,60.74,43.57,10.87,14.01,2.33,11.92,12.67,55.44,36.65
32,Paris Masters,2001-2005,7.62,2.28,69.55,41.91,33.28,15.75,2.42,3.43,77.46,60.1,79.99,58.18,11.37,6.45,2.82,72.07,41.01,29.22,14.42,3.54,6.54,64.15,57.14,70.82,45.52,11.18,13.31,2.95,9.17,12.66,54.06,34.49
33,Paris Masters,2006-2010,7.68,1.78,70.49,44.21,34.12,14.3,3.23,4.46,77.37,62.73,78.57,55.71,11.34,5.79,2.42,72.13,43.43,30.14,13.04,4.15,7.43,65.25,60.4,68.16,44.68,11.22,12.11,2.32,10.4,11.03,56.86,37.44
34,Paris Masters,2011-2015,7.72,2.19,71.1,43.97,34.46,15.32,2.75,3.78,78.44,61.88,79.37,57.7,11.53,5.88,2.88,72.86,43.34,30.62,13.58,3.96,6.88,65.52,58.96,70,45.38,11.2,12.92,2.93,9.37,12.32,56.72,35.58
35,Paris Masters,2016-2020,8.21,2.27,70.56,44.77,35.37,14.46,2.7,3.75,77.99,63.25,79.74,57.37,11.48,6.27,2.63,72.67,43.83,30.91,13.61,3.47,6.47,65.24,59.84,69.2,46.46,11.27,12.75,3.41,10.54,10.91,56.12,36.71
36,Roland Garros,2001-2005,6.22,3.45,107.81,64.1,45.48,23.68,5.74,8.93,121.66,59.14,72.25,55.36,17.13,4.3,5.22,115.48,65.57,41.06,21.94,8.88,15.54,101.64,56.98,62.24,42.98,17.1,20.02,2.15,10.01,12.39,58.88,36.47
37,Roland Garros,2006-2010,6.05,2.33,98.75,63.35,46.28,20.1,4.42,6.72,113.94,64.17,74.22,57.83,16.18,4.02,3.29,106.66,65.35,40.07,19.03,7.04,13.01,91.48,61.2,60.66,45.34,15.95,22.46,2.96,13.56,12.5,59.27,33.88
38,Roland Garros,2011-2015,6.43,2.53,98.78,63.18,47.21,20.35,4.18,6.26,114.75,64.18,76.04,58.39,16.3,4.48,3.01,106.37,65.62,40.72,18.47,6.98,12.94,90.4,61.45,60.91,44.19,16.05,24.35,2.73,15.14,14.2,58.92,32.48
39,Roland Garros,2016-2020,6.17,2.83,99.99,62.88,46.88,21.24,4.35,6.43,115.11,62.84,75.55,58.35,16.42,4.76,3.58,106.92,66.04,41.98,17.95,7.49,13.36,91.8,61.67,62.78,43.21,15.97,23.31,1.17,12.77,15.14,56.62,32.43
40,Rome Masters,2001-2005,3.69,2,68.6,42.28,30.59,14.5,3.32,5.1,77.64,61.27,73.72,56.06,11,3.3,3.07,72.18,42.01,26.72,12.9,4.79,9,63.14,58.29,63.02,42.05,10.88,14.5,2.98,10.7,14.02,52.69,36.17
41,Rome Masters,2006-2010,3.09,2.23,69.97,44.84,31.96,13.7,3.57,5.35,78.56,63.73,73.01,56.15,11,2.67,2.39,73.02,45.18,28.12,12,4.85,9.12,64.43,61.06,60.72,41.65,10.96,14.13,2.66,12.29,14.49,53.5,36.93
42,Rome Masters,2011-2015,3.97,1.44,68.55,45.01,32.8,13.27,3.16,4.65,76.29,66.17,73.97,59.02,10.97,3.57,2.02,69.92,44.57,28.4,11.31,4.24,7.99,62.17,63.93,62.64,43.59,10.7,14.11,2.24,11.33,15.43,52.58,36.8
43,Rome Masters,2016-2020,4.55,1.62,66.38,42.81,31.93,13.61,2.32,3.67,75.65,64.48,75.87,58.65,11.02,3.95,2.13,70.6,43.47,28.22,12.28,4.31,7.95,61.33,61.41,63.97,44.08,10.77,14.31,3.06,11.9,14.57,51.63,31.45
44,Shanghai Masters,2001-2005,,,,,,,,,,,,,,,,,,,,,,,,,,,,,,,,
45,Shanghai Masters,2006-2010,6.41,1.78,64.81,41.78,32,12.63,2.63,3.74,73.74,64.6,78.13,55.81,10.67,5.37,2.07,68.52,43.22,28.7,10.7,3.93,7.26,59.59,63.46,65.27,41.69,10.41,14.15,1.14,12.86,14.12,54.41,34
46,Shanghai Masters,2011-2015,7.26,1.88,69.05,42.61,33.19,14.97,2.65,3.74,78.09,62.04,79.26,57.24,11.22,5.56,2.4,72.72,44.55,29.85,12.94,4.32,7.59,63.67,61.29,66.3,45.52,10.99,14.42,0.75,12.96,11.71,56.73,32.85
47,Shanghai Masters,2016-2020,7.95,1.76,68.64,45.53,35.7,13.07,2.44,3.47,78.08,67.08,79.24,58.46,11.36,6.22,2.55,73.89,46.53,31.83,12.74,4.11,7.11,64.45,62.77,67.54,46.15,11.09,13.63,4.31,11.7,12.31,56.01,32.74
48,Stuttgart Masters,2001-2005,10.96,3.19,83.69,47.15,37.15,19.92,3.38,4.96,91.54,57.1,79.13,54.92,13.23,8.69,3.04,88.88,51.42,36.35,18.08,5.04,8,81.04,57.87,69.54,48.41,13.04,10.5,-0.77,9.59,6.51,55.78,38.27
49,Stuttgart Masters,2006-2010,,,,,,,,,,,,,,,,,,,,,,,,,,,,,,,,
50,Stuttgart Masters,2011-2015,,,,,,,,,,,,,,,,,,,,,,,,,,,,,,,,
51,Stuttgart Masters,2016-2020,,,,,,,,,,,,,,,,,,,,,,,,,,,,,,,,
52,US Open,2001-2005,11.33,4.23,104,62.83,48.64,23.66,4.14,5.89,117.72,60.36,78.13,58.31,17.03,9.42,5.43,110.96,64.78,44.39,21.15,6.82,11.82,97.24,58.35,67.45,44.76,16.91,20.48,2.01,10.68,13.55,54.6,33.25
53,US Open,2006-2010,10.08,3.05,104.53,65.33,49.96,22.15,4.25,6.32,118.35,62.94,77.5,58.18,17.31,7.52,4.63,111.16,66.68,44.48,20.43,6.35,11.7,97.35,59.9,65.65,45.14,16.99,21,3.04,11.85,13.03,57.15,35.09
54,US Open,2011-2015,9.15,3.4,101.4,61.8,47.25,22.54,4.28,6.18,116.14,61.45,77.5,57.91,16.7,7,4.44,109.42,63.89,42.27,20.8,6.72,12.04,94.68,58.31,65.39,44.57,16.46,21.47,3.15,12.11,13.34,56.52,33.92
55,US Open,2016-2020,10.34,3.57,101.66,61.67,47.74,22.6,4.1,6.01,114.67,61.04,78.45,57.51,16.95,6.5,4.78,107.25,63.35,42.47,20.45,6.68,11.81,94.25,58.88,66.06,45.82,16.47,20.42,2.16,12.39,11.69,61.42,33.58
56,Wimbledon,2001-2005,12.28,4.3,109.62,67.8,53,23.1,4.21,6.12,122.19,62.03,79.21,56.66,17.9,7.83,4.92,116,70.77,48.58,21.32,6.76,11.58,103.42,60.83,68.09,46.58,17.68,18.77,1.2,11.12,10.07,60.84,34.51
57,Wimbledon,2006-2010,13,2.8,108.69,69.37,55.09,22.82,3.45,4.93,121.64,63.98,80.44,59.35,18.13,9.13,4.09,114.73,70.93,49.98,21.02,5.75,10.05,101.78,61.66,69.63,47.1,17.73,19.87,2.32,10.8,12.25,58.66,32.92
58,Wimbledon,2011-2015,13.81,2.6,102.08,66.17,53.26,21.01,3.38,4.47,117.84,64.98,81.36,59.72,17.34,9.1,3.79,112.02,71.01,49.35,19.1,6.21,10.49,96.26,63.29,68.88,45.99,17.03,21.59,1.69,12.47,13.72,60.15,29.91
59,Wimbledon,2016-2020,14.19,2.83,104.12,67.85,55.13,20.93,3.27,4.52,119.66,65.18,81.82,58.84,17.97,9.89,4.12,113.66,71.28,49.84,20.23,6.16,10.43,98.12,62.32,68.5,46.78,17.6,21.53,2.86,13.31,12.06,58.16,30.23
