tourney_name,year,w_ace,w_df,w_svpt,w_1stIn,w_1stWon,w_2ndWon,w_bpSaved,w_bpFaced,winner_total_points,w_1stSv%,w_1stSvWin%,w_2ndSvWin%,w_SvGms,l_ace,l_df,l_svpt,l_1stIn,l_1stWon,l_2ndWon,l_bpSaved,l_bpFaced,loser_total_points,l_1stSv%,l_1stSvWin%,l_2ndSvWin%,l_SvGms,points_difference,1stSv%_difference,1stSvWin%_difference,2ndSvWin%_difference,ace%,bpFaced%
Australian Open,2001,8.03,3.67,100.59,61.38,47.13,21.56,3.9,6.1,115.92,61.63,77.7,56.13,16.31,8.67,5.05,108.67,61.26,40.69,20.74,7.08,12.85,93.33,56.59,65.67,43.43,16.41,22.590000000000003,5.04,12.03,12.7,48.08,32.19
Australian Open,2002,11.97,3.41,111.41,62.74,47.05,26.46,4.62,7.41,124.59,56.87,75.48,55.34,17.64,8.13,4.9,119.85,69.67,46.0,22.77,7.9,13.69,106.67,57.99,64.74,44.56,17.74,17.92,-1.12,10.74,10.78,59.55,35.12
Australian Open,2003,8.47,2.92,100.55,60.18,45.58,22.16,4.03,6.55,116.63,60.21,76.05,55.47,16.61,6.32,4.5,111.29,64.74,41.58,20.82,7.18,13.34,95.21,57.64,62.42,43.71,16.61,21.42,2.57,13.63,11.76,57.27,32.93
Australian Open,2004,10.59,2.23,95.31,55.62,43.87,21.87,3.97,5.46,108.1,58.81,79.39,55.53,15.62,5.38,3.9,99.67,61.15,40.13,17.18,5.67,10.95,86.87,61.04,64.33,42.69,15.33,21.22999999999999,-2.23,15.06,12.84,66.31,33.27
Australian Open,2005,10.51,2.87,101.95,62.51,47.87,21.56,4.49,6.67,117.62,61.85,77.52,56.56,16.62,6.92,4.31,110.95,65.77,42.23,20.54,7.33,13.08,95.28,58.69,62.77,45.17,16.54,22.340000000000003,3.16,14.75,11.39,60.3,33.77
Australian Open,2006,7.15,3.0,110.69,64.08,46.49,26.1,5.1,8.13,123.72,57.6,74.02,57.97,17.9,7.1,5.03,116.59,69.1,44.46,21.0,7.33,13.77,103.56,59.22,63.4,43.46,17.69,20.159999999999997,-1.62,10.62,14.51,50.18,37.12
Australian Open,2007,10.64,2.13,98.05,62.46,48.46,20.31,2.67,4.38,113.41,64.22,78.67,58.79,16.49,8.49,3.72,106.59,63.54,42.79,19.15,5.85,10.97,91.23,59.09,65.74,43.26,16.28,22.179999999999993,5.13,12.93,15.53,55.62,28.53
Australian Open,2008,9.0,2.38,95.67,62.0,47.44,18.1,4.18,5.97,109.74,65.98,77.17,53.36,15.38,5.64,2.92,100.13,61.33,38.85,17.08,5.85,11.49,86.05,61.89,61.73,42.37,15.26,23.689999999999998,4.09,15.44,10.99,61.48,34.19
Australian Open,2009,9.05,2.33,97.46,64.79,49.05,18.74,4.13,5.67,113.05,66.44,76.54,59.04,16.0,6.49,3.05,104.51,62.46,39.97,19.28,6.62,12.26,88.92,59.52,62.38,44.48,15.85,24.129999999999995,6.92,14.16,14.56,58.24,31.62
Australian Open,2010,11.28,2.36,103.13,64.28,49.49,21.59,5.05,7.05,117.23,62.61,77.33,57.07,17.05,7.54,4.08,108.64,67.33,44.18,18.31,7.03,12.51,94.54,61.61,64.15,43.4,16.46,22.689999999999998,1.0,13.18,13.67,59.94,36.04
Australian Open,2011,8.62,2.15,85.15,53.0,41.82,17.54,2.67,4.33,104.49,62.57,79.35,56.23,14.59,5.51,3.64,97.72,58.15,36.79,15.79,7.05,13.03,78.38,59.62,62.13,37.67,14.28,26.11,2.95,17.22,18.56,61.0,24.94
Australian Open,2012,7.71,2.53,95.5,59.63,45.24,20.13,3.87,5.87,113.53,62.47,77.25,56.39,15.79,5.71,3.87,105.89,65.55,41.34,16.39,6.42,12.61,87.87,61.7,61.44,39.89,15.68,25.659999999999997,0.77,15.81,16.5,57.45,31.76
Australian Open,2013,10.49,2.21,98.82,62.38,48.97,20.92,3.69,5.15,114.54,63.4,79.36,58.5,16.49,7.05,3.18,105.62,65.74,43.92,17.05,6.79,12.18,89.9,62.1,65.37,42.01,16.13,24.64,1.3,13.99,16.49,59.81,29.72
Australian Open,2014,8.61,2.53,92.08,57.5,46.05,20.0,2.39,3.66,110.32,62.8,81.19,59.16,15.63,6.5,3.55,103.89,64.34,41.84,17.79,6.66,11.55,85.66,62.01,64.92,43.9,15.47,24.659999999999997,0.79,16.27,15.26,56.98,24.06
Australian Open,2015,12.79,2.77,101.15,65.38,51.36,20.92,3.15,4.56,116.67,64.38,79.71,59.68,17.1,9.15,3.85,110.23,69.18,47.05,18.79,6.72,11.38,94.72,62.48,67.45,45.39,16.54,21.950000000000003,1.9,12.26,14.29,58.3,28.61
Australian Open,2016,10.69,2.69,94.64,59.59,47.18,20.59,3.0,4.33,111.72,62.98,80.3,59.44,16.41,6.9,4.0,104.26,64.1,42.95,17.36,6.56,11.41,87.18,61.14,66.23,42.42,15.79,24.539999999999992,1.84,14.07,17.02,60.77,27.51
Australian Open,2017,13.23,3.36,112.28,71.69,55.49,22.85,4.97,6.92,125.95,63.74,78.26,56.88,18.46,9.0,4.15,119.1,76.46,51.33,20.15,7.08,11.97,105.44,63.83,66.73,47.32,17.92,20.510000000000005,-0.09,11.53,9.56,59.51,36.63
Australian Open,2018,11.87,3.18,105.9,69.38,54.15,19.74,4.44,6.18,119.85,64.69,79.41,56.29,17.08,8.79,4.33,112.54,69.64,47.0,19.59,7.31,12.21,98.59,61.73,66.11,44.97,16.69,21.25999999999999,2.96,13.3,11.32,57.45,33.61
Australian Open,2019,12.1,2.51,111.26,74.21,58.36,21.77,3.15,4.62,125.64,67.31,79.41,60.9,18.69,12.41,3.95,120.64,76.95,54.31,20.82,6.59,11.18,106.26,63.49,69.35,46.56,18.26,19.379999999999995,3.82,10.06,14.34,49.37,29.24
Australian Open,2020,12.64,2.54,101.95,68.08,54.15,18.97,3.56,5.21,116.69,66.73,80.63,57.19,17.41,8.74,3.33,110.36,71.36,48.18,18.62,6.36,10.74,95.62,64.49,66.6,46.06,16.92,21.069999999999993,2.24,14.03,11.13,59.12,32.66
Canada Masters,2001,6.19,3.58,77.55,44.81,33.29,18.35,3.61,5.16,83.61,58.44,74.84,56.28,11.97,5.97,4.16,76.58,42.68,28.97,15.65,4.48,8.1,70.52,55.44,67.79,44.33,11.74,13.090000000000003,3.0,7.05,11.95,50.9,38.91
Canada Masters,2002,8.29,2.29,68.65,41.26,32.16,15.52,2.97,4.16,76.84,60.33,78.9,57.52,11.23,5.29,2.94,72.55,41.68,29.16,14.23,4.45,7.61,64.35,57.38,69.3,44.78,11.13,12.490000000000009,2.95,9.6,12.74,61.05,35.34
Canada Masters,2003,6.19,2.39,63.71,36.97,29.03,15.48,2.26,3.52,74.74,58.47,78.87,58.54,10.74,4.48,3.84,72.1,40.13,27.16,14.71,4.29,7.55,61.06,55.42,66.53,45.35,10.71,13.679999999999993,3.05,12.34,13.19,58.01,31.8
Canada Masters,2004,8.68,1.94,70.26,42.68,34.29,15.19,2.9,3.97,77.48,60.95,80.29,55.14,11.58,7.1,2.39,73.13,44.23,30.84,14.29,4.1,6.81,65.9,60.47,68.31,48.61,11.23,11.579999999999998,0.48,11.98,6.53,55.01,36.83
Canada Masters,2005,5.77,2.81,71.52,43.48,33.39,16.19,2.97,4.19,79.52,61.86,77.61,61.36,11.68,5.61,2.94,74.03,43.32,29.32,14.77,4.39,7.77,66.03,58.43,67.14,47.66,11.39,13.489999999999995,3.43,10.47,13.7,50.7,35.03
Canada Masters,2006,4.29,2.9,72.55,42.45,31.61,17.03,3.74,5.29,80.0,58.61,75.86,56.7,11.52,3.68,2.48,74.13,42.77,27.65,15.13,4.55,8.26,66.68,57.63,63.73,47.94,11.23,13.319999999999993,0.98,12.13,8.76,53.83,39.04
Canada Masters,2007,8.28,1.88,72.76,46.88,37.32,13.68,3.48,4.68,81.28,64.9,80.73,55.36,11.64,5.6,2.6,76.76,45.44,31.08,15.4,3.88,6.96,68.24,58.65,67.4,48.53,11.56,13.040000000000006,6.25,13.33,6.83,59.65,40.21
Canada Masters,2008,5.19,1.56,72.26,43.33,32.59,15.67,3.33,4.96,79.33,59.99,75.93,55.49,11.48,4.85,2.41,74.33,44.04,29.04,14.22,4.37,8.07,67.26,59.26,65.74,46.82,11.37,12.069999999999993,0.73,10.19,8.67,51.69,38.07
Canada Masters,2009,8.13,2.13,69.87,43.57,34.61,15.04,3.3,4.26,77.96,61.88,79.15,56.57,11.17,5.65,2.43,73.96,43.87,30.83,14.83,4.04,6.57,65.87,59.34,69.57,46.95,11.04,12.08999999999999,2.54,9.58,9.62,59.0,39.34
Canada Masters,2010,6.27,2.62,72.19,44.5,33.12,15.12,3.27,4.85,80.85,62.29,76.29,55.86,11.5,5.23,2.92,77.15,46.23,30.73,13.81,5.58,9.19,68.5,59.45,66.65,43.85,11.38,12.349999999999994,2.84,9.64,12.01,54.52,34.54
Canada Masters,2011,5.81,2.54,71.23,41.31,31.65,16.58,3.04,4.31,76.96,58.13,77.93,56.77,11.31,4.85,4.0,68.96,39.69,27.31,12.92,4.85,8.12,63.23,57.11,68.7,43.62,10.65,13.729999999999997,1.02,9.23,13.15,54.5,34.67
Canada Masters,2012,7.08,2.71,65.62,39.38,31.88,14.96,2.79,3.62,75.17,60.34,81.84,58.53,10.96,3.58,2.5,69.71,38.83,26.12,15.25,4.58,7.71,60.17,55.93,66.79,48.13,10.58,15.0,4.41,15.05,10.4,66.42,31.95
Canada Masters,2013,6.68,2.86,70.32,43.82,32.21,14.39,3.86,5.54,76.0,61.9,75.58,58.55,11.0,4.86,4.71,70.64,40.75,27.21,14.04,3.68,7.14,64.96,57.92,64.84,44.49,10.79,11.040000000000006,3.98,10.74,14.06,57.89,43.69
Canada Masters,2014,10.32,2.76,77.16,46.36,37.4,17.04,3.44,4.48,83.76,60.0,81.5,55.84,12.6,4.96,3.24,79.72,47.84,34.36,16.04,3.64,6.4,73.12,59.51,71.36,49.49,12.44,10.64,0.49,10.14,6.35,67.54,41.18
Canada Masters,2015,8.59,2.44,72.93,47.56,37.7,14.22,2.41,3.59,82.04,65.33,80.0,57.09,11.96,6.3,3.19,77.63,47.74,33.41,14.11,3.74,6.81,68.52,61.16,69.49,45.88,11.7,13.52000000000001,4.17,10.51,11.21,57.69,34.52
Canada Masters,2016,7.73,2.92,67.15,40.62,31.54,15.04,3.08,4.23,74.19,61.04,78.62,57.64,10.88,5.65,3.04,67.81,39.0,27.12,13.08,3.62,6.65,60.77,57.46,69.16,44.61,10.54,13.419999999999995,3.58,9.46,13.03,57.77,38.88
Canada Masters,2017,7.48,3.83,75.79,46.0,34.62,16.17,4.0,5.62,82.41,60.49,76.9,55.04,11.83,4.62,4.24,77.07,44.76,30.83,14.62,3.72,7.14,70.45,57.52,68.44,44.99,11.66,11.959999999999994,2.97,8.46,10.05,61.82,44.04
Canada Masters,2018,8.12,2.46,71.0,42.62,33.69,16.35,2.65,3.85,77.23,60.57,79.89,59.29,11.62,5.69,3.08,71.38,42.08,29.81,14.38,3.31,6.27,65.15,58.31,70.35,48.59,11.27,12.079999999999998,2.26,9.54,10.7,58.8,38.04
Canada Masters,2019,6.67,2.96,69.25,43.83,33.88,13.42,2.88,4.25,77.58,63.64,78.45,54.01,11.25,4.5,2.92,72.96,44.83,30.0,12.67,4.71,8.38,64.62,61.63,66.57,43.82,11.08,12.959999999999994,2.01,11.88,10.19,59.71,33.65
Cincinnati Masters,2001,8.48,2.94,66.13,37.48,29.97,16.77,2.87,4.0,77.48,57.26,80.84,59.98,10.87,5.39,4.52,73.71,39.03,27.81,15.16,4.74,8.06,62.35,52.65,70.65,43.49,10.81,15.130000000000003,4.61,10.19,16.49,61.14,33.17
Cincinnati Masters,2002,6.45,2.74,67.65,40.13,31.45,15.74,2.71,3.77,77.16,58.76,79.18,58.12,11.0,6.45,3.61,72.61,42.45,29.84,12.81,4.23,7.48,63.1,58.52,68.46,40.82,10.77,14.059999999999995,0.24,10.72,17.3,50.0,33.51
Cincinnati Masters,2003,8.29,2.39,71.52,44.87,35.19,14.97,2.32,3.16,78.35,62.47,79.52,58.39,11.48,6.42,3.52,73.13,41.9,29.84,15.1,3.71,6.65,66.29,56.95,69.78,48.05,11.29,12.059999999999988,5.52,9.74,10.34,56.36,32.21
Cincinnati Masters,2004,7.77,2.39,70.48,42.94,34.0,16.55,2.13,2.97,78.13,60.15,80.79,61.16,11.68,8.71,3.03,73.06,42.68,31.03,14.45,4.32,7.1,65.42,57.96,71.3,46.51,11.48,12.709999999999994,2.19,9.49,14.65,47.15,29.49
Cincinnati Masters,2005,7.9,1.77,65.58,39.71,31.9,15.55,1.77,2.81,75.65,60.77,80.83,61.08,11.32,5.77,2.23,71.55,42.52,29.35,14.0,3.26,6.1,61.48,59.12,68.73,47.98,10.9,14.170000000000009,1.65,12.1,13.1,57.79,31.54
Cincinnati Masters,2006,6.48,2.1,65.97,42.35,33.0,13.1,2.16,3.19,74.42,65.5,78.53,56.62,10.97,5.55,2.35,70.97,40.71,28.68,13.97,3.74,6.65,62.52,57.86,70.37,46.62,10.77,11.899999999999999,7.64,8.16,10.0,53.87,32.42
Cincinnati Masters,2007,7.45,2.21,69.03,42.41,33.21,15.0,2.45,3.52,75.45,61.2,79.73,56.34,11.31,5.45,3.28,69.0,38.45,27.55,14.21,2.9,6.03,62.59,56.35,71.62,44.7,11.1,12.86,4.85,8.11,11.64,57.75,36.86
Cincinnati Masters,2008,8.71,2.39,71.93,44.71,35.11,15.29,2.71,3.79,76.64,62.72,79.31,56.26,11.39,5.0,2.79,70.14,41.14,29.18,14.71,3.32,5.89,65.43,58.2,69.97,49.7,11.07,11.209999999999994,4.52,9.34,6.56,63.53,39.15
Cincinnati Masters,2009,7.23,1.88,70.38,42.15,33.81,16.08,2.77,3.77,79.42,59.88,81.82,56.67,11.5,6.5,3.19,75.65,44.12,30.62,15.5,4.58,7.5,66.62,57.85,69.22,48.73,11.23,12.799999999999997,2.03,12.6,7.94,52.66,33.45
Cincinnati Masters,2010,8.92,2.4,80.44,46.52,37.08,18.6,2.92,4.28,89.28,57.96,80.9,54.82,12.8,7.12,3.48,85.08,49.88,34.24,17.24,4.08,7.16,76.24,58.83,67.82,49.08,12.48,13.040000000000006,-0.87,13.08,5.74,55.61,37.41
Cincinnati Masters,2011,6.79,2.08,64.33,38.12,29.38,13.88,2.25,3.58,75.71,58.8,78.88,52.62,10.5,3.92,3.21,72.83,43.67,27.92,12.46,5.12,9.08,61.46,59.5,62.5,42.21,10.5,14.249999999999993,-0.7,16.38,10.41,63.4,28.28
Cincinnati Masters,2012,8.0,2.07,63.39,36.36,28.75,15.57,2.61,3.46,73.14,57.81,79.83,56.8,10.21,4.64,3.64,68.18,38.68,25.57,13.79,4.46,7.64,58.43,57.04,65.07,45.69,10.11,14.71,0.77,14.76,11.11,63.29,31.17
Cincinnati Masters,2013,8.04,2.12,68.72,44.16,34.36,14.16,1.96,3.0,79.48,63.13,78.88,59.14,11.36,5.6,3.44,77.24,45.4,30.84,15.44,4.92,7.96,66.48,57.96,66.74,47.71,11.2,13.0,5.17,12.14,11.43,58.94,27.37
Cincinnati Masters,2014,6.5,3.15,72.35,44.62,34.77,14.92,3.04,4.38,82.27,61.86,78.67,54.19,11.69,5.88,3.0,78.54,46.15,31.08,14.88,4.69,8.35,68.62,57.74,65.44,45.61,11.69,13.649999999999991,4.12,13.23,8.58,52.5,34.41
Cincinnati Masters,2015,6.76,2.6,70.6,41.24,31.48,17.08,2.6,3.84,78.16,58.04,78.5,59.08,11.44,6.48,3.36,73.16,41.36,28.68,14.88,4.04,7.2,65.6,56.02,67.29,45.99,11.12,12.560000000000002,2.02,11.21,13.09,51.06,34.78
Cincinnati Masters,2016,8.85,2.63,66.52,39.19,31.59,15.85,1.96,2.89,73.7,58.98,81.31,58.64,11.19,6.85,3.15,68.3,40.78,29.3,12.74,3.19,5.89,61.11,59.07,71.37,44.16,10.78,12.590000000000003,-0.09,9.94,14.48,56.37,32.92
Cincinnati Masters,2017,9.32,3.68,69.54,42.43,34.14,15.43,2.86,3.82,78.32,61.0,81.25,58.15,11.36,6.5,3.68,73.46,41.36,29.36,15.36,4.25,7.0,64.68,56.75,70.5,47.57,11.14,13.639999999999986,4.25,10.75,10.58,58.91,35.3
Cincinnati Masters,2018,7.32,2.71,71.04,44.61,34.71,15.21,2.46,3.68,81.0,63.06,78.81,58.86,11.79,7.32,3.89,79.0,46.89,32.71,15.21,4.54,7.5,69.04,59.38,69.49,47.54,11.64,11.959999999999994,3.68,9.32,11.32,50.0,32.92
Cincinnati Masters,2019,6.59,2.62,69.41,42.55,32.07,15.48,2.69,3.76,74.93,61.41,75.92,57.41,11.17,5.48,2.72,67.97,40.14,28.14,12.45,3.24,6.38,62.45,59.08,69.92,44.88,10.83,12.480000000000004,2.33,6.0,12.53,54.6,37.08
Cincinnati Masters,2020,9.44,3.48,66.15,39.26,31.07,14.3,3.07,4.37,72.74,59.61,80.59,56.25,10.81,4.81,3.22,67.74,39.85,27.7,12.67,3.52,6.63,61.15,58.14,68.7,45.79,10.59,11.589999999999996,1.47,11.89,10.46,66.25,39.73
Hamburg Masters,2001,2.16,2.1,68.9,42.42,29.61,13.84,4.0,6.23,78.35,62.71,70.71,53.81,10.61,2.68,2.32,72.1,40.84,24.55,12.65,5.35,10.23,62.65,57.16,59.54,39.39,10.52,15.699999999999996,5.55,11.17,14.42,44.63,37.85
Hamburg Masters,2002,4.9,2.29,67.97,41.35,29.55,14.87,3.74,5.48,75.1,60.89,72.44,56.11,10.77,2.71,3.03,70.1,41.68,26.74,12.68,4.48,8.52,62.97,59.21,64.91,44.62,10.71,12.129999999999995,1.68,7.53,11.49,64.39,39.14
Hamburg Masters,2003,3.9,2.06,69.81,42.39,30.0,15.23,3.68,5.58,79.06,60.92,72.97,57.1,10.97,3.23,3.23,72.81,43.42,26.29,12.68,5.19,9.87,63.55,59.6,59.38,42.53,10.84,15.510000000000005,1.32,13.59,14.57,54.7,36.12
Hamburg Masters,2004,3.71,1.39,71.77,42.74,30.94,16.26,3.45,5.29,79.97,59.9,73.67,58.36,11.42,2.35,2.71,73.55,45.35,28.19,12.58,4.77,9.1,65.35,61.47,61.51,44.92,11.32,14.620000000000005,-1.57,12.16,13.44,61.22,36.76
Hamburg Masters,2005,1.65,1.19,64.77,40.71,28.48,13.39,3.77,5.58,72.9,63.54,71.98,58.21,10.13,1.68,1.71,64.65,39.0,22.71,10.9,4.45,9.1,56.52,60.36,56.67,41.29,10.13,16.380000000000003,3.18,15.31,16.92,49.55,38.01
Hamburg Masters,2006,3.42,1.58,67.19,44.55,31.45,12.84,4.03,5.52,74.42,65.97,72.46,56.89,10.55,2.13,2.19,66.65,41.74,25.06,11.45,3.84,7.84,59.42,62.04,58.85,45.62,10.19,15.0,3.93,13.61,11.27,61.62,41.32
Hamburg Masters,2007,3.78,1.7,75.52,47.7,33.22,15.22,4.26,6.41,81.44,63.56,71.18,55.54,11.74,2.26,2.33,76.19,47.56,30.22,12.96,4.74,8.89,70.26,61.73,64.08,44.63,11.78,11.179999999999993,1.83,7.1,10.91,62.58,41.9
Hamburg Masters,2008,3.46,1.68,64.89,42.71,30.07,12.46,3.25,4.71,75.0,66.11,72.48,57.54,10.11,2.64,1.96,68.5,41.64,25.21,10.82,4.5,8.89,58.39,60.87,60.25,39.59,10.04,16.61,5.24,12.23,17.95,56.72,34.63
Indian Wells Masters,2001,6.29,2.97,67.29,38.68,29.71,15.97,2.29,3.58,75.03,57.29,77.83,57.0,11.1,4.94,3.42,69.23,38.48,25.9,13.97,3.42,7.23,61.48,55.77,66.67,45.12,10.94,13.550000000000004,1.52,11.16,11.88,56.01,33.12
Indian Wells Masters,2002,4.68,2.65,65.1,38.45,28.94,14.97,3.19,4.61,73.84,59.69,75.95,57.72,10.61,4.35,2.97,69.13,40.26,25.48,13.71,4.1,7.77,60.39,57.67,64.35,47.06,10.42,13.450000000000003,2.02,11.6,10.66,51.83,37.24
Indian Wells Masters,2003,5.8,2.7,69.9,41.07,30.6,15.53,2.8,4.53,75.63,58.39,75.99,54.07,11.23,3.53,3.1,68.17,38.83,25.47,13.2,3.97,7.93,62.43,56.67,65.48,43.17,10.97,13.199999999999996,1.72,10.51,10.9,62.17,36.36
Indian Wells Masters,2004,6.03,2.73,65.27,38.67,29.52,15.73,2.42,3.58,75.67,58.64,77.24,60.04,10.76,3.36,3.52,69.94,39.88,25.73,13.79,4.42,8.09,59.55,57.2,64.08,45.25,10.42,16.120000000000005,1.44,13.16,14.79,64.22,30.68
Indian Wells Masters,2005,5.5,1.93,63.27,37.9,29.5,14.8,3.2,4.27,74.33,60.57,78.4,59.7,10.37,3.73,2.83,68.2,39.47,25.6,12.57,4.4,8.0,57.13,57.95,63.31,42.16,10.17,17.199999999999996,2.62,15.09,17.54,59.59,34.8
Indian Wells Masters,2006,4.78,1.81,67.91,41.62,30.78,15.91,2.66,3.66,77.16,61.86,74.68,60.32,10.88,2.94,2.88,70.84,42.25,27.47,12.91,4.97,8.53,61.59,59.8,64.69,44.89,10.56,15.569999999999993,2.06,9.99,15.43,61.92,30.02
Indian Wells Masters,2007,6.71,1.71,62.19,37.77,29.16,14.0,2.48,3.39,70.45,61.12,77.8,57.92,10.1,4.32,1.81,64.77,37.81,25.03,12.45,4.39,7.77,56.52,58.49,64.76,45.72,10.0,13.93,2.63,13.04,12.2,60.83,30.38
Indian Wells Masters,2008,5.52,1.52,73.27,44.36,33.0,15.67,3.18,5.09,81.27,60.6,75.75,56.04,11.94,4.52,2.79,76.79,44.88,29.39,14.79,5.09,9.03,68.79,58.51,64.58,46.32,11.52,12.47999999999999,2.09,11.17,9.72,54.98,36.05
Indian Wells Masters,2009,5.53,1.97,65.56,42.06,32.5,13.22,2.91,4.12,74.91,63.64,79.06,57.33,10.69,4.88,2.75,70.88,41.97,28.34,13.34,3.78,7.0,61.53,58.99,67.01,45.9,10.62,13.379999999999995,4.65,12.05,11.43,53.12,37.05
Indian Wells Masters,2010,7.94,1.97,68.45,41.94,32.61,13.97,3.1,4.39,74.39,61.55,78.94,53.92,11.06,5.52,2.42,68.61,42.16,28.06,12.74,3.84,7.0,62.68,60.99,65.27,46.88,10.74,11.71,0.56,13.67,7.04,58.99,38.54
Indian Wells Masters,2011,5.56,2.28,64.44,38.38,30.25,14.81,2.56,3.75,75.22,59.6,80.02,58.22,10.72,3.66,3.03,69.44,40.47,26.28,13.0,4.19,7.81,58.66,58.11,63.75,43.31,10.44,16.560000000000002,1.49,16.27,14.91,60.3,32.44
Indian Wells Masters,2012,6.25,1.78,71.88,43.56,33.47,17.0,2.75,3.94,81.81,61.02,77.86,61.1,11.91,4.0,2.75,77.25,45.59,30.88,15.03,4.09,7.38,67.31,58.74,67.45,47.16,11.69,14.5,2.28,10.41,13.94,60.98,34.81
Indian Wells Masters,2013,5.1,2.19,69.74,41.94,31.87,14.74,3.06,4.52,78.58,60.74,77.47,54.19,11.16,3.68,3.16,73.1,43.55,28.39,12.74,4.97,8.81,64.26,59.02,65.02,42.56,11.03,14.319999999999993,1.72,12.45,11.63,58.09,33.91
Indian Wells Masters,2014,9.47,2.75,71.56,44.66,35.44,14.75,2.16,3.41,81.19,62.72,80.37,56.78,11.81,3.78,3.16,78.03,46.34,31.66,15.38,4.75,7.69,68.41,59.1,68.52,48.65,11.56,12.780000000000001,3.62,11.85,8.13,71.47,30.72
Indian Wells Masters,2015,7.03,1.9,64.63,39.9,30.7,14.83,3.07,4.0,73.33,61.52,78.23,62.07,10.77,4.17,2.8,67.07,38.8,26.3,12.97,3.87,7.2,58.37,57.65,66.79,45.79,10.37,14.96,3.87,11.44,16.28,62.77,35.71
Indian Wells Masters,2016,5.03,2.55,69.06,43.35,32.55,13.9,2.74,4.32,78.06,62.72,76.63,55.82,11.06,4.58,3.55,73.35,43.65,28.9,12.84,4.55,8.19,64.35,59.1,65.9,43.18,10.87,13.710000000000008,3.62,10.73,12.64,52.34,34.53
Indian Wells Masters,2017,6.41,2.34,67.21,41.17,31.21,15.66,2.28,3.34,75.31,61.61,76.93,60.53,11.07,4.21,3.48,71.14,43.14,29.9,12.79,4.07,6.97,63.03,59.49,69.03,45.06,10.76,12.280000000000001,2.12,7.9,15.47,60.36,32.4
Indian Wells Masters,2018,7.97,2.23,72.1,44.74,34.39,15.65,2.87,4.19,79.87,61.99,78.01,57.93,11.71,4.39,2.97,74.68,44.32,30.06,14.77,4.39,7.74,66.9,58.45,66.34,47.53,11.65,12.969999999999999,3.54,11.67,10.4,64.48,35.12
Indian Wells Masters,2019,5.87,2.07,64.77,40.37,30.8,14.53,2.97,4.03,73.03,62.25,77.15,61.25,10.73,4.8,3.03,67.63,41.43,27.7,12.23,4.0,7.13,59.37,61.33,65.59,46.25,10.43,13.660000000000004,0.92,11.56,15.0,55.01,36.11
Madrid Masters,2002,4.4,2.2,66.56,40.16,30.96,15.52,2.36,3.32,75.48,58.99,78.88,60.49,10.76,6.16,2.24,70.2,39.4,27.6,13.6,3.44,6.68,61.28,56.66,68.2,42.8,10.64,14.200000000000003,2.33,10.68,17.69,41.67,33.2
Madrid Masters,2003,,,,,,,,,,,,,,,,,,,,,,,,,,,,,,,,
Madrid Masters,2004,9.73,2.58,68.85,40.96,33.0,16.85,2.73,3.38,77.85,59.97,80.96,61.08,11.38,6.58,3.42,72.35,41.12,29.08,15.27,3.96,6.62,63.35,56.81,70.82,47.72,11.08,14.499999999999993,3.16,10.14,13.36,59.66,33.8
Madrid Masters,2005,8.62,2.08,80.83,52.17,40.12,17.04,2.33,3.54,87.75,64.01,77.37,60.71,13.08,8.04,3.5,84.58,52.08,37.46,16.54,3.96,6.21,77.67,61.85,70.87,49.95,12.83,10.079999999999998,2.16,6.5,10.76,51.74,36.31
Madrid Masters,2006,7.83,1.88,75.54,48.04,36.58,15.96,2.83,4.04,82.67,63.95,77.06,58.76,12.12,6.12,2.75,77.62,47.5,33.17,14.33,3.96,7.08,70.5,61.29,69.33,47.17,11.88,12.170000000000002,2.66,7.73,11.59,56.13,36.33
Madrid Masters,2007,6.26,1.81,67.11,39.89,31.7,15.59,2.7,3.52,75.04,59.75,81.11,57.43,10.81,5.74,2.37,69.78,41.67,28.89,13.15,3.59,6.37,61.85,59.6,68.79,45.69,10.63,13.190000000000005,0.15,12.32,11.74,52.17,35.59
Madrid Masters,2008,7.54,1.5,70.65,42.31,33.69,16.58,2.81,3.77,77.54,60.36,81.27,59.94,11.46,6.35,2.88,72.73,44.08,31.69,13.77,3.73,6.27,65.85,60.08,71.4,47.09,11.19,11.690000000000012,0.28,9.87,12.85,54.28,37.55
Madrid Masters,2009,5.0,1.68,71.18,44.77,33.45,14.86,2.91,3.91,76.45,62.65,76.56,57.73,10.82,4.77,2.27,69.95,43.82,29.05,12.77,3.95,7.09,64.68,62.45,65.75,47.35,10.73,11.769999999999996,0.2,10.81,10.38,51.18,35.55
Madrid Masters,2010,4.07,1.25,62.71,41.71,30.61,11.82,3.29,4.57,74.36,65.42,74.87,55.81,10.18,4.11,1.71,71.14,43.71,27.29,11.93,5.29,8.86,59.5,63.13,61.33,41.08,10.14,14.86,2.29,13.54,14.73,49.76,34.03
Madrid Masters,2011,5.17,1.5,67.46,44.04,33.62,13.58,2.83,4.04,76.71,64.7,77.6,60.36,10.96,4.08,1.12,71.46,44.08,29.04,12.92,4.17,7.54,62.21,61.21,65.22,46.81,10.62,14.499999999999993,3.49,12.38,13.55,55.89,34.89
Madrid Masters,2012,8.23,2.0,74.62,47.96,37.19,14.46,3.08,4.38,81.23,65.37,78.82,57.04,12.12,5.88,2.73,75.85,44.27,30.5,15.77,3.62,6.62,69.23,57.69,68.34,49.21,11.92,12.0,7.68,10.48,7.83,58.33,39.82
Madrid Masters,2013,3.81,1.58,73.81,49.35,36.31,13.54,3.42,4.73,78.85,67.38,74.58,56.42,11.46,4.62,1.85,73.08,46.85,31.54,12.54,4.65,7.96,68.04,64.91,67.4,46.69,11.42,10.809999999999988,2.47,7.18,9.73,45.2,37.27
Madrid Masters,2014,4.93,1.41,70.22,46.59,34.56,13.52,3.78,4.93,75.37,67.22,74.73,57.99,11.11,4.7,1.56,68.74,44.96,30.07,11.37,4.26,7.37,63.59,65.06,66.44,46.06,10.85,11.780000000000001,2.16,8.29,11.93,51.19,40.08
Madrid Masters,2015,5.84,1.24,66.6,43.76,34.0,13.48,2.48,3.32,74.4,65.64,78.05,59.19,11.04,5.12,2.44,68.72,43.56,29.76,12.04,3.32,6.48,60.92,63.24,66.79,46.47,11.04,13.480000000000004,2.4,11.26,12.72,53.28,33.88
Madrid Masters,2016,5.04,1.27,71.0,47.73,36.38,13.5,3.42,4.23,77.54,66.84,77.51,60.12,11.27,4.31,1.62,70.69,45.73,30.96,12.08,3.69,6.73,64.15,64.77,67.3,47.11,11.12,13.39,2.07,10.21,13.01,53.9,38.59
Madrid Masters,2017,4.5,1.58,71.31,47.31,34.62,14.08,3.15,4.58,79.5,66.9,73.96,59.53,11.42,4.46,2.46,75.31,47.12,32.19,12.31,5.0,8.35,67.12,62.63,68.39,42.71,11.38,12.379999999999995,4.27,5.57,16.82,50.22,35.42
Madrid Masters,2018,7.54,1.62,69.92,45.5,35.5,14.96,2.04,2.96,77.73,65.22,78.91,62.61,11.81,4.42,1.85,73.38,48.58,33.69,12.42,3.27,5.92,65.58,66.35,67.61,48.77,11.65,12.150000000000006,-1.13,11.3,13.84,63.04,33.33
Madrid Masters,2019,5.04,2.12,68.5,43.92,33.83,14.08,2.96,4.12,76.29,64.44,77.74,59.1,11.29,3.71,2.29,70.88,46.21,30.62,11.88,3.5,6.58,63.08,65.13,65.5,48.31,11.04,13.210000000000008,-0.69,12.24,10.79,57.6,38.5
Miami Masters,2001,6.94,2.94,68.59,40.88,31.53,14.75,3.03,4.44,75.81,59.51,78.37,54.43,10.75,4.47,3.38,67.34,36.69,24.72,13.09,3.38,7.25,60.12,53.96,66.92,42.45,10.5,15.690000000000005,5.55,11.45,11.98,60.82,37.98
Miami Masters,2002,5.56,2.66,69.53,38.94,29.53,17.09,3.0,4.47,77.34,56.82,76.9,57.78,11.06,4.5,3.09,73.22,40.0,26.06,16.44,4.59,8.06,65.41,54.42,64.83,47.27,11.03,11.930000000000007,2.4,12.07,10.51,55.27,35.67
Miami Masters,2003,7.06,2.62,72.59,41.75,32.22,17.75,3.41,4.62,80.88,57.96,77.58,58.48,11.56,5.47,3.47,74.72,42.59,28.94,14.88,3.66,7.03,66.44,56.7,67.0,45.31,11.19,14.439999999999998,1.26,10.58,13.17,56.34,39.66
Miami Masters,2004,6.41,2.44,76.74,45.24,34.5,17.82,3.21,4.88,85.62,59.62,77.59,57.41,12.29,4.41,3.18,81.15,49.12,32.74,15.12,4.5,7.97,72.26,60.08,66.54,46.78,12.18,13.36,-0.46,11.05,10.63,59.24,37.98
Miami Masters,2005,5.12,2.5,67.56,41.06,30.34,15.47,2.62,4.03,77.06,61.02,75.12,58.51,11.03,3.34,3.12,72.0,42.31,26.97,13.78,4.44,8.03,62.5,58.35,63.57,44.88,10.53,14.560000000000002,2.67,11.55,13.63,60.52,33.42
Miami Masters,2006,6.56,1.69,71.62,46.34,34.69,14.03,2.56,4.16,81.53,65.11,76.97,56.51,11.56,3.59,3.28,74.62,43.56,28.03,13.78,4.59,8.78,64.72,58.64,63.01,41.69,11.22,16.810000000000002,6.47,13.96,14.82,64.63,32.15
Miami Masters,2007,5.81,1.77,67.65,42.81,32.13,14.13,3.52,4.61,73.35,63.78,75.9,59.13,10.58,3.23,1.97,65.1,40.35,26.03,11.97,4.23,7.55,59.39,61.65,64.46,46.78,10.26,13.959999999999994,2.13,11.44,12.35,64.27,37.91
Miami Masters,2008,7.03,1.78,68.16,41.88,32.41,15.0,2.16,3.28,77.25,61.79,78.24,57.65,11.31,4.88,2.66,71.28,41.09,27.06,14.38,4.0,7.34,62.19,57.86,65.49,46.32,10.97,15.060000000000002,3.93,12.75,11.33,59.03,30.89
Miami Masters,2009,4.84,2.32,60.48,38.58,29.48,12.42,2.65,3.71,72.68,63.78,77.92,57.3,10.1,3.84,3.52,68.23,38.71,25.52,11.94,4.23,8.19,56.03,56.33,65.1,39.58,10.03,16.650000000000006,7.45,12.82,17.72,55.76,31.18
Miami Masters,2010,6.42,2.39,66.94,41.06,31.84,14.42,2.84,3.87,74.84,61.48,78.77,57.42,10.77,4.48,2.87,68.03,38.68,26.48,12.97,4.1,7.61,60.13,56.18,66.65,42.87,10.61,14.71,5.3,12.12,14.55,58.9,33.71
Miami Masters,2011,5.09,1.88,59.66,36.78,29.16,13.34,2.25,3.03,69.91,62.37,79.72,60.96,10.03,3.62,2.69,63.19,36.22,23.78,12.0,3.38,6.81,52.94,57.49,62.76,43.24,9.78,16.97,4.88,16.96,17.72,58.44,30.79
Miami Masters,2012,4.9,1.62,65.69,37.83,28.24,16.79,3.41,4.69,73.69,57.11,76.25,60.59,10.45,3.72,2.48,65.28,37.69,24.93,11.69,3.66,7.24,57.28,58.09,64.42,41.78,10.03,16.409999999999997,-0.98,11.83,18.81,56.84,39.31
Miami Masters,2013,5.35,2.68,72.71,43.13,31.77,15.65,3.13,5.1,80.71,59.96,74.86,54.6,11.48,3.97,3.84,74.81,41.55,27.26,14.26,5.29,9.52,66.81,55.4,64.52,43.1,11.23,13.899999999999991,4.56,10.34,11.5,57.4,34.88
Miami Masters,2014,6.0,1.68,59.54,37.14,29.18,13.36,2.25,3.32,72.57,62.81,79.99,63.45,10.21,4.0,3.11,68.61,38.89,25.54,13.04,3.79,7.46,55.57,56.97,65.32,43.56,10.29,16.999999999999993,5.84,14.67,19.89,60.0,30.8
Miami Masters,2015,5.79,2.48,67.15,41.88,32.0,14.21,1.97,3.48,78.45,62.57,77.54,57.13,11.24,3.55,3.18,74.3,43.64,28.27,13.79,4.79,8.67,63.0,58.66,63.96,44.13,10.97,15.450000000000003,3.91,13.58,13.0,61.99,28.64
Miami Masters,2016,6.63,2.9,67.43,41.07,31.13,14.87,2.93,3.97,76.27,61.66,76.67,57.58,10.53,4.3,3.3,69.9,40.93,27.07,12.57,4.53,8.1,61.07,58.61,64.6,42.18,10.23,15.199999999999996,3.05,12.07,15.4,60.66,32.89
Miami Masters,2017,5.75,2.69,71.16,43.06,34.16,16.12,2.62,3.66,79.44,60.74,79.78,58.45,11.47,5.66,3.28,74.28,43.34,30.5,14.62,4.16,6.94,66.0,57.07,69.11,46.49,11.03,13.439999999999998,3.67,10.67,11.96,50.39,34.53
Miami Masters,2018,7.77,2.23,67.58,43.55,34.52,13.39,2.65,3.77,77.45,64.6,79.87,57.4,11.45,4.74,3.71,74.32,43.84,29.52,15.26,4.06,7.19,64.45,58.7,65.97,49.35,11.42,13.0,5.9,13.9,8.05,62.11,34.4
Miami Masters,2019,9.03,2.34,74.31,47.94,36.22,14.84,2.75,4.25,83.09,64.32,76.56,57.17,12.06,5.03,2.72,81.28,50.25,33.66,15.59,4.72,7.75,72.5,61.81,66.95,50.22,11.91,10.590000000000003,2.51,9.61,6.95,64.22,35.42
Monte Carlo Masters,2001,3.45,1.55,67.68,38.23,27.06,17.1,3.81,5.48,77.26,56.71,72.49,59.69,10.65,2.03,3.32,72.39,40.87,25.06,14.23,5.35,9.42,62.81,56.28,60.9,44.97,10.39,14.450000000000003,0.43,11.59,14.72,62.96,36.78
Monte Carlo Masters,2002,3.72,1.97,74.38,43.17,31.69,15.97,3.97,5.83,80.93,58.06,73.93,53.24,11.31,2.55,2.83,75.31,42.79,26.59,15.45,5.14,9.28,68.76,56.16,62.11,46.73,11.21,12.170000000000002,1.9,11.82,6.51,59.33,38.58
Monte Carlo Masters,2003,2.52,2.68,68.06,40.71,27.94,15.13,4.1,6.06,75.74,59.44,68.64,55.71,10.32,2.55,2.71,68.61,39.42,22.81,13.13,4.48,9.16,60.94,57.32,56.11,43.57,10.35,14.799999999999997,2.12,12.53,12.14,49.7,39.82
Monte Carlo Masters,2004,2.13,2.57,71.67,42.6,31.0,16.17,3.93,5.77,80.23,60.65,74.07,56.26,11.2,1.67,2.97,73.43,41.0,26.03,14.33,4.7,8.97,64.87,55.16,63.36,43.34,11.07,15.36,5.49,10.71,12.92,56.05,39.15
Monte Carlo Masters,2005,1.71,1.9,64.65,42.68,28.74,12.32,3.06,5.13,75.0,66.47,69.44,57.07,10.42,2.06,2.45,69.52,41.06,23.84,11.74,3.77,8.71,59.16,59.25,56.52,40.33,10.48,15.840000000000003,7.22,12.92,16.74,45.36,37.07
Monte Carlo Masters,2006,2.16,2.94,71.87,47.9,32.77,12.94,4.39,6.55,81.84,66.35,70.48,56.0,11.29,1.58,2.58,76.23,45.45,26.77,13.32,5.45,10.45,66.26,59.6,58.04,43.05,11.19,15.579999999999998,6.75,12.44,12.95,57.75,38.53
Monte Carlo Masters,2007,3.24,2.41,67.97,40.72,29.31,14.79,3.38,5.17,77.9,59.8,73.19,56.95,10.66,1.69,3.1,72.07,42.55,25.76,12.52,4.48,8.93,62.14,58.08,57.65,40.97,10.55,15.760000000000005,1.72,15.54,15.98,65.72,36.67
Monte Carlo Masters,2008,3.12,1.24,62.64,40.16,27.92,12.64,2.84,4.8,73.48,65.2,70.63,56.76,10.32,2.16,2.96,69.16,40.16,24.0,12.24,4.28,8.76,58.32,58.08,59.27,41.43,10.04,15.160000000000004,7.12,11.36,15.33,59.09,35.4
Monte Carlo Masters,2009,2.92,2.38,71.46,44.35,31.65,13.42,3.69,6.0,80.35,62.52,71.85,49.57,11.19,2.88,3.46,75.54,43.42,26.88,13.38,6.46,11.19,66.65,57.19,61.69,41.35,11.0,13.699999999999989,5.33,10.16,8.22,50.34,34.9
Monte Carlo Masters,2010,2.32,1.57,60.21,39.64,27.79,11.79,2.64,4.18,72.39,65.94,71.24,58.98,9.71,2.07,2.71,67.11,39.82,23.64,10.64,5.29,9.96,54.93,57.98,57.66,38.57,9.82,17.46,7.96,13.58,20.41,52.85,29.56
Monte Carlo Masters,2011,2.58,1.54,58.15,36.46,26.27,11.77,3.04,4.54,67.42,63.11,73.3,54.63,9.19,1.73,2.08,59.54,34.27,19.88,10.27,3.85,8.31,50.27,57.86,58.15,40.69,9.15,17.15,5.25,15.15,13.94,59.86,35.33
Monte Carlo Masters,2012,4.27,1.88,61.58,36.23,27.27,14.08,3.38,4.77,70.27,59.46,75.81,55.7,9.96,1.69,1.73,63.08,37.58,22.58,11.58,4.0,7.88,54.38,60.07,59.17,46.0,9.58,15.889999999999993,-0.61,16.64,9.7,71.64,37.71
Monte Carlo Masters,2013,3.15,1.56,63.56,39.0,27.89,13.74,2.96,4.78,72.52,61.33,73.17,57.78,10.41,2.3,2.41,66.15,39.07,23.78,11.48,3.67,8.04,57.19,58.44,60.04,41.79,10.37,15.329999999999998,2.89,13.13,15.99,57.8,37.29
Monte Carlo Masters,2014,3.87,1.3,62.09,39.26,30.13,12.74,2.35,3.52,73.78,64.01,78.11,56.52,10.35,1.7,1.74,66.91,39.39,23.52,12.48,4.39,8.48,55.22,57.37,57.18,45.09,9.96,18.560000000000002,6.64,20.93,11.43,69.48,29.33
Monte Carlo Masters,2015,3.76,1.36,67.24,42.48,32.16,13.8,2.92,4.12,75.48,62.68,77.7,56.8,10.72,2.36,1.6,69.6,42.52,27.6,12.48,4.84,8.24,61.36,60.92,62.64,45.44,10.44,14.120000000000005,1.76,15.06,11.36,61.44,33.33
Monte Carlo Masters,2016,4.32,1.8,71.64,45.44,32.28,13.72,4.28,6.36,77.48,64.08,72.25,53.86,11.28,2.4,2.44,70.64,40.4,25.48,13.68,4.72,8.92,64.8,56.71,63.21,44.46,10.88,12.680000000000007,7.37,9.04,9.4,64.29,41.62
Monte Carlo Masters,2017,2.29,1.93,64.43,37.5,25.5,15.29,3.18,5.21,75.29,58.04,69.49,59.76,10.14,2.36,2.29,69.68,41.46,23.86,11.32,5.39,10.39,58.82,58.53,55.84,39.46,10.25,16.470000000000006,-0.49,13.65,20.3,49.25,33.4
Monte Carlo Masters,2018,3.25,2.71,73.12,43.79,31.46,15.62,2.92,5.17,82.21,60.39,73.05,55.02,11.83,2.88,3.0,78.12,45.83,28.25,14.75,5.58,10.17,69.04,58.14,60.56,45.16,11.58,13.169999999999987,2.25,12.49,9.86,53.02,33.7
Monte Carlo Masters,2019,2.46,2.61,73.25,43.32,30.36,16.46,3.96,5.93,80.32,59.18,70.81,55.78,11.14,2.54,2.86,73.79,43.0,26.79,13.5,4.04,8.46,66.71,58.42,61.46,43.33,11.18,13.61,0.76,9.35,12.45,49.2,41.21
Paris Masters,2001,7.26,1.89,69.89,43.15,34.22,15.37,1.74,3.0,77.7,61.86,80.5,58.3,11.89,7.52,2.37,72.41,42.67,31.0,13.3,3.96,7.15,64.59,59.01,72.19,43.82,11.56,13.11,2.85,8.31,14.48,49.12,29.56
Paris Masters,2002,9.2,2.4,66.52,38.44,31.68,15.76,2.48,3.24,76.16,57.72,82.79,58.14,11.0,6.52,3.08,71.6,41.4,28.68,14.2,4.2,7.16,61.96,58.18,68.77,45.86,10.84,14.199999999999996,-0.46,14.02,12.28,58.52,31.15
Paris Masters,2003,6.35,2.81,74.54,45.04,35.19,16.38,3.15,4.38,80.04,60.33,78.26,56.0,11.65,6.12,2.85,73.23,40.35,29.19,15.58,2.62,5.54,67.73,55.18,72.03,47.12,11.46,12.310000000000002,5.15,6.23,8.88,50.92,44.15
Paris Masters,2004,7.68,2.0,67.25,41.0,32.04,15.5,2.32,3.11,75.96,60.48,78.42,60.3,10.93,5.64,3.0,71.04,39.61,28.0,14.61,3.36,6.29,62.32,56.21,70.31,45.28,10.86,13.639999999999993,4.27,8.11,15.02,57.66,33.09
Paris Masters,2005,10.08,2.0,71.96,46.04,36.96,13.79,3.08,4.12,78.92,65.03,81.83,55.72,11.88,7.12,2.96,72.46,43.75,31.29,13.0,4.38,7.71,65.5,60.27,70.52,45.72,11.62,13.420000000000002,4.76,11.31,10.0,58.6,34.83
Paris Masters,2006,7.04,1.83,69.17,43.09,33.65,13.87,2.65,3.96,77.74,62.27,79.91,54.9,11.3,4.78,2.3,73.0,45.3,30.52,12.26,4.04,7.61,64.43,62.35,65.9,43.25,11.3,13.309999999999988,-0.08,14.01,11.65,59.56,34.23
Paris Masters,2007,4.54,1.42,68.85,41.77,30.81,15.23,3.08,4.42,75.77,60.39,75.29,56.84,10.65,3.81,1.77,71.0,42.08,27.96,13.31,4.46,7.88,64.08,59.4,66.12,45.33,10.69,11.689999999999998,0.99,9.17,11.51,54.37,35.93
Paris Masters,2008,8.59,1.91,67.86,41.95,33.14,14.27,3.36,4.27,74.36,61.67,79.72,55.8,10.86,6.32,2.59,68.36,39.5,27.73,13.68,3.36,6.32,61.86,57.37,68.81,46.68,10.73,12.5,4.3,10.91,9.12,57.61,40.32
Paris Masters,2009,8.17,1.74,74.61,48.22,36.04,14.35,4.0,5.52,80.04,64.27,76.08,55.3,12.0,6.91,2.48,75.83,46.52,33.22,12.96,4.52,7.65,70.39,62.62,69.47,42.41,11.78,9.650000000000006,1.65,6.61,12.89,54.18,41.91
Paris Masters,2010,10.29,2.67,72.71,43.83,34.92,16.33,2.71,3.71,79.08,60.26,81.29,57.67,11.75,7.25,2.62,74.17,44.67,32.54,13.79,3.88,6.58,67.79,59.68,71.68,46.08,11.33,11.289999999999992,0.58,9.61,11.59,58.67,36.05
Paris Masters,2011,6.08,1.75,67.25,42.08,32.92,13.83,3.08,4.0,74.0,62.88,79.08,56.59,10.75,4.0,2.79,67.5,37.88,26.75,13.5,3.71,6.71,60.75,55.64,70.07,45.43,10.62,13.25,7.24,9.01,11.16,60.32,37.35
Paris Masters,2012,8.08,2.23,69.31,43.23,33.5,15.31,2.46,3.38,75.31,62.12,78.78,60.47,11.12,5.96,2.23,68.19,39.73,28.27,13.42,3.19,5.73,62.19,57.57,70.17,47.25,10.77,13.120000000000005,4.55,8.61,13.22,57.55,37.1
Paris Masters,2013,6.04,1.96,68.48,43.35,33.39,15.04,3.0,4.0,79.96,62.78,77.66,59.94,11.61,6.39,3.43,75.87,48.04,32.3,12.04,4.52,7.7,64.39,62.32,67.6,42.74,11.17,15.569999999999993,0.46,10.06,17.2,48.59,34.19
Paris Masters,2014,8.13,2.35,77.74,47.35,37.57,16.09,2.52,3.83,83.83,61.38,80.03,53.81,12.43,5.78,3.35,78.57,46.39,33.22,15.17,4.52,7.7,72.48,59.58,70.49,45.38,12.13,11.349999999999994,1.8,9.54,8.43,58.45,33.22
Paris Masters,2015,6.7,1.52,70.52,43.22,33.48,16.0,3.3,4.48,79.52,61.37,78.16,61.01,11.22,5.83,2.0,73.57,44.04,29.83,13.7,3.83,7.17,64.57,59.29,66.3,45.59,11.09,14.950000000000003,2.08,11.86,15.42,53.47,38.45
Paris Masters,2016,11.5,2.46,71.75,46.46,37.62,14.17,2.42,3.46,79.08,65.05,81.75,57.22,12.04,5.5,3.17,74.83,43.88,32.58,14.96,2.92,5.58,67.5,58.28,74.1,48.35,11.67,11.579999999999998,6.77,7.65,8.87,67.65,38.27
Paris Masters,2017,9.6,3.56,82.72,54.0,41.6,14.8,3.0,4.32,85.52,64.62,77.63,52.13,12.64,8.4,3.16,78.64,47.84,34.8,14.72,3.2,6.24,75.84,60.25,71.31,47.21,12.4,9.679999999999993,4.37,6.32,4.92,53.33,40.91
Paris Masters,2018,5.83,2.26,63.39,38.61,30.35,14.3,2.48,3.35,73.83,60.68,78.92,57.95,10.52,5.78,2.7,70.26,42.35,28.48,12.61,4.35,7.65,59.83,59.11,64.78,44.49,10.52,14.0,1.57,14.14,13.46,50.22,30.45
Paris Masters,2019,7.42,1.54,64.42,41.54,33.81,13.04,2.31,3.15,72.0,64.54,82.24,58.55,11.0,5.85,2.12,66.04,41.04,28.85,12.04,3.04,5.73,58.46,62.27,69.49,46.66,10.65,13.54,2.27,12.75,11.89,55.92,35.47
Paris Masters,2020,10.52,2.07,71.15,45.85,36.59,14.41,2.74,3.85,80.48,64.53,81.01,57.93,11.81,6.15,2.26,75.22,47.59,33.15,12.59,3.89,6.89,65.89,63.07,68.25,44.28,11.59,14.590000000000003,1.46,12.76,13.65,63.11,35.85
Roland Garros,2001,6.54,2.79,107.15,60.95,43.05,25.41,7.82,10.85,120.05,56.51,71.63,56.16,16.56,4.69,4.69,112.05,62.92,39.15,21.31,11.62,18.18,99.15,56.33,61.8,42.54,16.56,20.89999999999999,0.18,9.83,13.62,58.24,37.38
Roland Garros,2002,5.23,2.97,109.41,65.23,47.1,23.82,5.31,8.26,126.51,59.55,72.86,55.22,17.36,3.49,5.95,122.0,69.05,42.82,23.59,9.18,15.72,104.9,57.03,61.65,43.78,17.23,21.61,2.52,11.21,11.44,59.98,34.45
Roland Garros,2003,7.95,4.64,109.92,66.97,47.97,22.59,5.03,8.28,120.82,60.2,73.54,53.95,17.67,4.82,5.21,114.9,65.85,42.38,22.26,7.79,14.18,104.0,57.29,64.26,44.51,17.72,16.819999999999993,2.91,9.28,9.44,62.26,36.87
Roland Garros,2004,5.15,3.41,104.77,63.26,43.82,22.92,4.79,8.33,119.26,60.29,70.98,56.12,16.92,4.21,5.03,112.97,64.46,39.87,20.59,6.95,14.08,98.49,57.29,61.27,41.07,16.87,20.77000000000001,3.0,9.71,15.05,55.02,37.17
Roland Garros,2005,4.08,3.08,105.26,67.63,46.21,20.66,4.37,7.82,117.92,63.5,70.01,55.83,16.95,4.21,4.66,110.39,63.89,39.13,20.21,7.18,14.21,97.74,57.53,60.99,42.9,16.66,20.180000000000007,5.97,9.02,12.93,49.22,35.5
Roland Garros,2006,5.31,1.77,100.56,65.46,46.92,20.23,4.92,7.28,113.85,65.59,72.98,59.12,16.31,4.44,3.08,108.23,67.38,42.08,19.46,7.95,13.51,94.95,61.83,61.79,46.69,16.0,18.89999999999999,3.76,11.19,12.43,54.46,35.02
Roland Garros,2007,4.49,2.36,95.31,61.62,45.18,18.95,5.13,7.1,111.0,64.65,74.21,56.68,15.36,2.77,2.82,103.82,65.38,38.87,18.08,7.18,12.87,88.13,63.33,58.94,46.19,15.18,22.870000000000005,1.32,15.27,10.49,61.85,35.55
Roland Garros,2008,8.21,2.51,97.18,62.33,46.59,20.1,4.36,6.33,114.03,64.56,75.52,58.91,16.15,4.23,3.31,105.54,63.33,38.9,19.31,6.9,12.82,88.69,59.85,60.25,44.45,15.87,25.340000000000003,4.71,15.27,14.46,66.0,33.05
Roland Garros,2009,8.18,1.92,95.44,59.72,46.49,20.56,3.33,5.05,112.9,62.54,78.37,58.62,16.13,4.44,2.59,105.33,66.77,41.38,18.1,5.97,11.64,87.87,63.48,61.31,46.45,16.05,25.03,-0.94,17.06,12.17,64.82,30.26
Roland Garros,2010,7.36,2.46,91.72,57.74,43.97,19.85,3.41,5.0,108.0,63.34,77.68,58.88,15.38,5.1,2.67,100.85,61.26,38.44,18.23,6.54,11.95,84.56,60.7,61.27,44.88,15.28,23.439999999999998,2.64,16.41,14.0,59.07,29.5
Roland Garros,2011,6.24,2.61,102.0,66.21,49.13,19.55,4.71,7.37,117.18,65.43,75.69,57.05,16.84,4.92,3.21,109.39,66.24,40.97,19.92,7.74,13.82,94.21,60.38,61.22,45.16,16.55,22.970000000000013,5.05,14.47,11.89,55.91,34.78
Roland Garros,2012,5.56,2.28,99.64,63.31,47.13,20.74,4.46,6.56,116.28,63.85,75.59,58.1,16.18,3.72,3.15,106.85,65.26,40.08,18.36,6.95,13.15,90.21,61.24,60.36,42.65,15.9,26.070000000000007,2.61,15.23,15.45,59.91,33.28
Roland Garros,2013,5.82,2.18,99.82,66.08,49.51,20.15,3.82,5.54,117.64,65.94,75.92,60.08,16.72,4.36,2.72,110.74,70.69,44.41,18.36,7.56,13.28,92.92,63.42,61.01,44.81,16.46,24.72,2.52,14.91,15.27,57.17,29.44
Roland Garros,2014,7.15,3.13,100.72,62.56,46.33,21.46,4.51,6.85,114.64,62.32,75.34,57.84,16.36,4.28,3.28,104.03,64.64,39.72,17.46,6.13,12.51,90.1,61.49,60.67,43.44,16.05,24.540000000000006,0.83,14.67,14.4,62.55,35.38
Roland Garros,2015,5.82,2.47,92.61,57.03,44.0,20.18,3.5,5.13,110.29,61.88,77.91,57.8,15.61,3.89,3.61,103.39,64.26,40.32,16.97,8.03,13.87,85.71,61.94,62.16,43.21,15.32,24.580000000000013,-0.06,15.75,14.59,59.94,27.0
Roland Garros,2016,6.1,2.51,106.64,66.13,48.38,23.64,5.08,7.26,120.82,62.02,73.6,59.1,17.18,5.54,3.49,112.79,69.0,43.9,20.1,8.33,14.15,98.62,61.1,63.57,45.65,16.64,22.19999999999999,0.92,10.03,13.45,52.41,33.91
Roland Garros,2017,5.49,2.59,92.36,55.74,40.95,21.51,4.36,6.46,107.87,59.97,74.43,60.13,15.05,4.15,3.33,98.36,59.54,36.79,16.15,6.82,13.0,82.85,60.57,60.11,39.78,14.67,25.02000000000001,-0.6,14.32,20.35,56.95,33.2
Roland Garros,2018,6.44,3.21,104.08,67.15,49.64,20.87,4.44,6.79,118.67,64.47,75.46,57.54,17.1,5.77,3.69,110.44,68.69,44.33,17.95,7.59,13.36,95.85,62.43,64.04,42.56,16.51,22.820000000000007,2.04,11.42,14.98,52.74,33.7
Roland Garros,2019,7.0,3.38,104.26,68.36,51.41,20.0,4.38,6.49,117.9,65.88,76.34,57.19,17.15,4.46,3.77,109.62,68.72,44.56,18.56,6.67,12.41,95.97,62.32,64.0,44.85,16.72,21.930000000000007,3.56,12.34,12.34,61.08,34.34
Roland Garros,2020,4.54,2.05,97.51,63.13,45.21,19.69,4.74,6.92,111.49,64.85,72.76,58.44,15.72,3.69,3.03,99.9,63.28,37.49,15.82,5.82,12.41,85.92,63.37,58.01,42.33,15.23,25.569999999999993,1.48,14.75,16.11,55.16,35.8
Rome Masters,2001,3.84,1.87,69.29,39.97,28.87,16.03,3.39,5.23,78.61,58.37,73.44,56.56,11.0,3.26,2.97,73.06,40.48,25.13,14.23,4.74,9.16,63.74,55.17,60.76,43.22,10.94,14.869999999999997,3.2,12.68,13.34,54.08,36.34
Rome Masters,2002,3.6,1.47,66.1,41.33,29.77,14.57,3.0,4.43,74.33,61.91,73.0,59.32,10.7,3.1,2.6,67.33,41.8,26.23,11.1,3.93,7.87,59.1,62.17,61.68,43.14,10.53,15.229999999999997,-0.26,11.32,16.18,53.73,36.02
Rome Masters,2003,4.23,2.71,70.0,43.29,31.03,14.61,3.65,5.65,79.65,60.43,74.15,54.58,11.06,3.65,2.9,75.06,42.9,27.52,13.55,5.32,9.58,65.42,57.47,64.03,40.86,10.9,14.230000000000004,2.96,10.12,13.72,53.68,37.1
Rome Masters,2004,3.1,1.97,69.0,44.55,32.68,12.77,3.26,5.1,77.97,64.37,74.3,53.8,11.26,3.19,3.81,73.26,42.87,28.0,12.74,5.16,9.39,64.29,58.36,65.61,40.98,11.13,13.679999999999993,6.01,8.69,12.82,49.28,35.2
Rome Masters,2005,2.58,2.19,72.06,45.68,32.55,13.87,3.81,5.74,81.61,62.23,73.02,53.35,11.16,3.03,2.58,75.13,46.35,27.94,12.0,5.35,10.03,65.58,61.4,57.83,39.08,11.16,16.03,0.83,15.19,14.27,45.99,36.4
Rome Masters,2006,3.39,2.65,73.74,45.35,32.26,15.16,4.29,6.35,81.39,60.9,73.31,55.7,11.32,2.03,2.06,75.68,46.45,29.19,12.52,4.84,9.26,68.03,61.36,61.58,42.18,11.32,13.36,-0.46,11.73,13.52,62.55,40.68
Rome Masters,2007,2.62,2.0,66.38,45.81,32.31,10.81,3.31,5.23,77.08,68.79,72.52,53.36,10.77,2.38,2.46,72.15,46.62,28.0,10.19,5.42,10.08,61.46,62.66,60.46,39.29,10.69,15.619999999999997,6.13,12.06,14.07,52.4,34.16
Rome Masters,2008,4.08,2.23,68.92,44.08,31.58,14.35,2.96,4.5,76.69,63.79,72.85,60.37,10.88,2.81,2.15,72.0,45.77,29.23,12.0,4.35,8.04,64.23,62.01,59.67,43.57,10.85,12.459999999999994,1.78,13.18,16.8,59.22,35.89
Rome Masters,2009,2.77,2.08,68.73,43.27,31.12,14.31,3.46,4.92,76.04,62.93,73.35,57.95,10.85,3.08,2.69,70.15,40.69,26.23,13.31,4.31,8.19,62.85,57.89,64.06,44.14,10.77,13.190000000000005,5.04,9.29,13.81,47.35,37.53
Rome Masters,2010,3.62,1.46,65.81,46.27,33.46,11.38,2.88,4.12,74.0,70.32,73.71,60.1,10.58,3.42,2.23,67.77,42.54,27.62,11.0,4.46,7.85,59.58,62.18,63.7,42.28,10.12,14.420000000000002,8.14,10.01,17.82,51.42,34.42
Rome Masters,2011,3.46,1.19,64.35,41.23,29.5,13.19,2.88,4.58,72.38,64.62,72.75,58.88,10.42,3.15,1.73,65.81,42.46,26.27,9.85,3.88,8.04,57.77,64.99,60.48,40.16,10.23,14.609999999999992,-0.37,12.27,18.72,52.34,36.29
Rome Masters,2012,3.36,1.32,68.76,44.12,32.48,14.12,3.28,4.56,76.24,64.76,74.45,58.6,10.8,3.24,2.2,68.6,43.28,27.4,11.56,4.2,7.92,61.12,63.93,62.61,44.7,10.48,15.119999999999997,0.83,11.84,13.9,50.91,36.54
Rome Masters,2013,4.24,1.64,70.04,44.64,32.56,13.76,3.48,5.08,76.16,65.08,74.31,59.53,11.16,3.4,2.0,70.48,44.96,28.56,12.08,3.8,7.4,64.36,63.62,62.42,47.02,11.0,11.799999999999997,1.46,11.89,12.51,55.5,40.71
Rome Masters,2014,5.19,1.58,73.77,48.77,36.0,13.92,3.27,4.92,82.65,66.05,74.64,57.98,11.88,4.65,1.92,76.92,49.62,32.15,12.04,4.88,8.73,68.04,64.91,63.99,43.8,11.69,14.61,1.14,10.65,14.18,52.74,36.04
Rome Masters,2015,4.7,1.52,69.0,42.22,32.78,14.52,2.43,3.7,77.65,62.01,78.95,54.14,11.39,5.0,1.48,72.52,44.65,29.57,12.61,5.0,8.52,63.87,62.0,66.22,44.01,11.04,13.780000000000008,0.01,12.73,10.13,48.45,30.28
Rome Masters,2016,3.16,1.56,66.32,44.12,31.96,12.8,2.32,4.04,76.48,65.93,74.15,58.99,11.16,3.96,1.92,72.12,44.56,28.28,12.12,3.96,7.96,61.96,61.21,62.36,43.29,11.04,14.520000000000003,4.72,11.79,15.7,44.38,33.67
Rome Masters,2017,8.38,1.5,63.58,42.65,33.69,12.23,1.77,2.65,72.54,66.35,80.0,59.11,10.73,3.31,2.54,68.15,42.04,28.81,12.73,3.96,6.73,59.19,61.63,67.23,46.83,10.31,13.350000000000009,4.72,12.77,12.28,71.69,28.25
Rome Masters,2018,3.36,1.61,67.25,43.79,31.68,14.0,2.39,3.89,77.57,65.22,73.8,61.2,11.07,4.18,2.29,72.64,44.39,28.36,12.39,4.29,8.21,62.32,61.07,63.38,43.03,10.93,15.249999999999993,4.15,10.42,18.17,44.56,32.15
Rome Masters,2019,3.17,1.92,65.75,41.25,29.54,14.5,2.67,4.08,74.0,62.87,72.43,59.81,10.75,3.29,2.42,67.58,41.71,26.08,11.54,4.33,8.33,59.33,61.15,60.65,43.26,10.54,14.670000000000002,1.72,11.78,16.55,49.07,32.88
Rome Masters,2020,3.11,2.48,68.67,42.78,30.44,14.59,2.81,4.63,79.67,61.71,72.76,56.78,11.15,2.89,2.78,77.15,46.41,29.11,13.41,6.26,10.41,66.15,60.33,61.76,42.94,10.93,13.519999999999996,1.38,11.0,13.84,51.83,30.78
Shanghai Masters,2009,6.41,1.78,64.81,41.78,32.0,12.63,2.63,3.74,73.74,64.6,78.13,55.81,10.67,5.37,2.07,68.52,43.22,28.7,10.7,3.93,7.26,59.59,63.46,65.27,41.69,10.41,14.149999999999991,1.14,12.86,14.12,54.41,34.0
Shanghai Masters,2010,5.67,1.85,64.41,38.85,29.93,14.44,3.11,4.11,71.85,59.99,78.79,56.27,10.22,4.07,2.07,64.56,39.89,25.15,11.93,4.41,7.74,57.11,62.02,62.43,48.32,9.78,14.739999999999995,-2.03,16.36,7.95,58.21,34.68
Shanghai Masters,2011,7.07,2.79,71.93,40.57,31.46,17.75,3.07,4.54,80.89,56.57,78.74,57.77,11.75,5.43,3.43,77.79,45.32,31.07,15.04,3.82,7.29,68.82,58.66,67.58,45.86,11.93,12.070000000000007,-2.09,11.16,11.91,56.56,38.38
Shanghai Masters,2012,6.68,2.24,66.84,40.28,31.56,14.84,1.76,3.0,76.84,60.91,79.77,56.35,11.12,5.16,2.92,71.12,41.92,27.84,12.84,4.6,8.24,61.12,58.79,65.74,43.07,10.84,15.720000000000006,2.12,14.03,13.28,56.42,26.69
Shanghai Masters,2013,8.6,1.24,66.44,43.36,34.44,13.52,2.36,3.0,76.52,65.74,79.9,58.72,10.92,6.04,1.92,71.96,45.84,31.56,11.84,4.56,7.48,61.88,63.19,68.51,44.82,10.72,14.639999999999993,2.55,11.39,13.9,58.74,28.63
Shanghai Masters,2014,8.26,1.3,75.63,50.0,38.56,14.3,2.96,4.04,84.37,66.97,79.11,57.07,12.11,7.11,1.67,78.19,49.78,33.63,13.04,4.22,7.22,69.44,63.77,67.25,45.55,11.67,14.930000000000007,3.2,11.86,11.52,53.74,35.88
Shanghai Masters,2015,8.62,1.62,73.19,46.35,36.42,15.46,2.69,3.54,82.92,64.66,79.14,59.25,11.81,6.42,2.73,78.5,48.69,33.62,13.85,5.19,8.15,68.77,61.47,67.69,44.49,11.46,14.150000000000006,3.19,11.45,14.76,57.31,30.28
Shanghai Masters,2016,5.45,2.28,67.62,42.52,32.28,13.0,3.0,4.41,75.31,62.93,77.12,53.72,10.76,4.66,2.86,69.48,42.69,28.41,11.03,4.07,7.79,61.79,61.44,65.09,41.04,10.48,13.520000000000003,1.49,12.03,12.68,53.91,36.15
Shanghai Masters,2017,9.07,1.33,70.89,48.63,38.41,13.63,2.33,3.33,82.85,69.23,79.96,62.95,12.26,7.67,2.41,80.41,52.67,36.59,13.0,4.7,7.52,68.44,65.24,69.81,46.17,12.15,14.409999999999997,3.99,10.15,16.78,54.18,30.69
Shanghai Masters,2018,7.58,1.19,62.88,43.08,33.5,11.54,1.81,2.69,72.62,69.09,78.56,59.9,10.85,6.62,2.38,69.73,44.35,30.27,11.88,3.5,6.35,60.0,63.89,67.53,46.74,10.54,12.620000000000005,5.2,11.03,13.16,53.38,29.76
Shanghai Masters,2019,9.04,2.4,68.6,47.08,37.88,11.72,2.36,3.36,76.68,69.5,81.41,56.49,11.12,5.72,2.36,71.32,44.24,30.28,13.96,3.08,5.76,63.24,61.82,67.58,52.3,10.84,13.440000000000005,7.68,13.83,4.19,61.25,36.84
Stuttgart Masters,2001,10.96,3.19,83.69,47.15,37.15,19.92,3.38,4.96,91.54,57.1,79.13,54.92,13.23,8.69,3.04,88.88,51.42,36.35,18.08,5.04,8.0,81.04,57.87,69.54,48.41,13.04,10.5,-0.77,9.59,6.51,55.78,38.27
US Open,2001,12.1,4.15,103.95,59.92,47.67,25.33,3.51,5.0,118.08,57.55,79.63,58.68,16.95,10.64,5.72,112.85,65.46,46.23,21.54,7.21,11.9,98.72,57.44,69.44,44.4,17.13,19.36,0.11,10.19,14.28,53.21,29.59
US Open,2002,11.64,5.08,107.82,66.36,51.41,23.9,4.62,6.05,119.79,61.45,78.33,58.41,17.41,9.95,5.62,112.56,64.87,44.97,23.1,5.79,10.21,100.59,57.92,68.43,47.41,17.23,19.200000000000003,3.53,9.9,11.0,53.91,37.21
US Open,2003,9.51,3.18,105.15,65.28,49.46,23.56,4.74,6.82,120.21,61.65,76.36,60.13,17.28,9.15,5.31,114.46,67.15,45.62,21.67,7.87,13.0,99.41,58.66,66.57,45.13,17.05,20.799999999999997,2.99,9.79,15.0,50.96,34.41
US Open,2004,12.08,4.5,99.08,59.76,46.0,21.87,3.68,5.68,112.82,60.8,78.19,56.02,16.47,7.95,5.08,103.97,61.63,40.74,18.29,6.39,12.18,90.24,59.39,65.37,42.1,16.24,22.58,1.41,12.82,13.92,60.31,31.8
US Open,2005,8.67,3.72,112.85,70.0,51.82,23.67,4.59,7.23,124.79,62.49,75.07,56.29,18.18,8.44,5.72,117.23,68.92,45.46,22.46,7.41,13.13,105.28,58.83,65.06,45.66,17.85,19.510000000000005,3.66,10.01,10.63,50.67,35.51
US Open,2006,9.51,2.33,100.38,63.33,48.62,21.31,4.15,6.0,114.13,63.29,77.86,59.8,16.77,6.33,4.13,104.18,64.28,42.33,17.64,5.15,10.51,90.44,61.46,64.47,43.57,16.28,23.689999999999998,1.83,13.39,16.23,60.04,36.34
US Open,2007,8.95,2.67,102.03,65.08,49.36,21.49,3.82,5.82,117.13,65.05,76.74,59.23,17.08,7.59,4.31,111.0,66.77,45.08,19.64,6.46,11.85,95.9,59.9,66.67,43.97,16.82,21.22999999999999,5.15,10.07,15.26,54.11,32.94
US Open,2008,13.1,3.1,110.28,68.56,53.21,23.08,4.41,6.33,123.44,62.41,78.15,56.74,18.08,8.69,4.56,118.41,70.62,48.03,23.23,6.64,11.59,105.26,59.8,67.09,47.61,17.9,18.179999999999993,2.61,11.06,9.13,60.12,35.32
US Open,2009,10.18,3.44,97.13,59.69,46.77,21.18,4.28,6.23,112.26,61.44,79.68,58.83,16.44,6.56,4.41,104.97,62.79,41.49,19.18,6.08,11.41,89.85,59.49,64.97,44.91,16.08,22.41000000000001,1.95,14.71,13.92,60.81,35.32
US Open,2010,9.38,3.97,107.44,65.54,50.31,23.85,4.18,6.0,122.95,61.45,78.11,58.28,17.74,7.49,5.0,118.15,68.62,46.46,22.9,7.0,12.05,102.64,58.32,66.89,46.04,17.51,20.310000000000002,3.13,11.22,12.24,55.6,33.24
US Open,2011,9.44,2.54,95.82,61.46,46.33,19.85,3.79,5.62,108.92,64.41,76.16,58.68,15.79,5.82,4.03,99.13,58.46,38.03,18.36,5.49,11.0,86.03,58.58,64.07,43.32,15.54,22.89,5.83,12.09,15.36,61.86,33.81
US Open,2012,10.18,3.39,100.79,60.42,47.16,23.03,3.95,5.82,117.32,60.51,78.71,57.47,16.76,7.34,4.29,111.68,65.47,43.37,21.18,7.5,12.71,95.16,58.29,65.68,44.74,16.45,22.159999999999997,2.22,13.03,12.73,58.11,31.41
US Open,2013,7.05,3.23,101.36,62.33,46.79,21.97,4.59,6.72,117.03,62.03,76.39,57.6,16.69,7.08,4.05,111.23,64.87,42.03,20.95,7.1,12.85,95.56,58.5,63.97,44.09,16.49,21.47,3.53,12.42,13.51,49.89,34.34
US Open,2014,9.68,3.89,101.61,59.24,45.68,24.0,4.87,6.74,114.5,58.87,78.12,57.5,16.5,7.26,4.82,106.89,62.03,41.47,20.61,6.53,11.58,94.0,57.85,66.32,44.64,16.29,20.5,1.02,11.8,12.86,57.14,36.79
US Open,2015,13.1,3.05,98.95,60.1,48.1,22.59,3.62,5.05,111.69,61.54,81.07,59.77,16.59,6.97,4.08,102.03,58.05,39.64,21.38,5.85,10.46,89.28,56.77,67.18,47.71,15.97,22.409999999999997,4.77,13.89,12.06,65.27,32.56
US Open,2016,8.82,4.5,103.61,58.95,45.32,24.63,4.63,6.74,114.82,57.25,78.25,56.19,16.66,5.61,5.74,106.66,60.0,40.66,21.13,7.16,12.39,95.45,56.03,66.64,44.71,16.13,19.36999999999999,1.22,11.61,11.48,61.12,35.23
US Open,2017,10.05,3.03,99.33,62.74,47.67,21.23,3.87,5.77,113.36,63.29,77.14,58.94,16.74,6.49,4.77,106.67,63.85,42.51,19.69,6.08,11.33,92.64,59.84,66.29,45.37,16.21,20.72,3.45,10.85,13.57,60.76,33.74
US Open,2018,9.64,3.0,100.0,63.26,48.69,20.82,3.15,5.1,114.23,63.48,77.61,57.22,17.21,8.18,4.38,109.77,66.44,44.54,20.51,7.21,12.31,95.54,60.64,65.46,46.66,16.95,18.689999999999998,2.84,12.15,10.56,54.1,29.29
US Open,2019,10.11,4.27,106.43,63.32,48.92,23.73,5.22,7.41,119.24,59.66,78.16,55.43,17.54,5.24,4.92,111.14,68.43,45.0,19.54,7.11,12.57,98.32,61.13,64.71,44.66,17.08,20.92,-1.47,13.45,10.77,65.86,37.09
Us Open,2020,10.49,4.03,105.9,66.56,51.44,20.46,5.05,7.28,118.13,62.69,77.94,53.45,17.08,7.08,4.08,111.36,69.79,46.26,18.87,6.15,11.59,99.13,62.34,65.26,44.96,16.74,19.0,0.35,12.68,8.49,59.7,38.58
Wimbledon,2001,14.44,5.31,111.05,70.0,55.21,22.08,4.54,6.33,120.36,62.84,80.11,55.53,18.15,9.05,5.38,112.26,66.26,47.08,22.1,5.74,10.21,102.95,58.48,70.02,47.39,17.67,17.409999999999997,4.36,10.09,8.14,61.47,38.27
Wimbledon,2002,9.85,4.36,117.44,67.44,51.69,27.51,4.77,7.51,130.67,57.6,77.83,56.92,19.0,7.92,6.38,126.56,74.23,51.36,23.74,8.18,13.77,113.33,58.46,68.83,44.38,19.18,17.33999999999999,-0.86,9.0,12.54,55.43,35.29
Wimbledon,2003,13.67,4.18,107.62,68.1,53.69,21.79,3.9,5.67,121.69,63.39,79.46,55.8,17.67,6.67,3.77,115.62,72.15,48.36,21.05,6.62,11.26,101.54,62.26,66.83,48.0,17.33,20.14999999999999,1.13,12.63,7.8,67.21,33.49
Wimbledon,2004,11.15,3.36,102.36,65.67,51.41,21.03,3.62,4.97,116.05,64.3,79.44,58.38,16.77,7.67,4.15,109.54,70.44,47.54,18.38,6.49,11.08,95.85,64.11,66.69,46.57,16.56,20.200000000000003,0.19,12.75,11.81,59.25,30.97
Wimbledon,2005,12.64,2.69,102.26,64.33,51.21,22.05,3.28,4.64,116.82,63.32,80.54,59.12,17.1,8.05,4.21,110.13,66.05,45.36,21.21,6.08,10.62,95.56,60.53,68.43,47.53,16.79,21.25999999999999,2.79,12.11,11.59,61.09,30.41
Wimbledon,2006,11.05,2.92,111.72,70.92,54.95,23.18,3.51,5.23,122.49,63.33,78.53,58.67,18.33,7.85,4.18,113.56,72.15,49.56,19.64,5.64,10.44,102.79,62.09,67.1,45.48,17.87,19.69999999999999,1.24,11.43,13.19,58.47,33.38
Wimbledon,2007,11.39,2.32,108.24,70.87,55.76,21.82,3.37,4.92,121.5,64.87,79.92,59.58,17.97,8.89,4.08,115.34,71.55,50.03,21.39,5.39,9.61,102.08,62.36,69.01,48.4,17.68,19.42,2.51,10.91,11.18,56.16,33.86
Wimbledon,2008,12.64,2.85,113.56,70.64,55.49,24.95,3.97,5.44,125.59,62.96,79.41,60.05,18.54,9.26,4.0,118.56,72.21,51.64,21.77,5.95,10.1,106.54,60.66,71.05,45.98,18.23,19.049999999999997,2.3,8.36,14.07,57.72,35.01
Wimbledon,2009,17.28,3.21,107.67,70.08,58.03,22.1,3.13,4.44,121.82,65.43,83.78,59.34,18.69,11.59,4.0,116.08,72.67,53.31,21.08,5.69,9.46,101.92,62.65,72.57,48.11,18.1,19.89999999999999,2.78,11.21,11.23,59.85,31.94
Wimbledon,2010,14.13,3.51,104.15,64.69,53.1,23.33,3.31,4.38,119.72,61.99,83.04,60.43,17.92,11.44,4.36,114.0,71.26,51.05,19.67,5.79,10.0,98.44,62.22,71.19,45.21,17.49,21.28,-0.23,11.85,15.22,55.26,30.46
Wimbledon,2011,13.46,2.31,100.21,66.44,53.21,19.77,3.21,4.21,115.79,66.71,80.9,60.2,17.13,8.41,3.95,110.41,70.03,48.85,18.74,5.59,9.77,94.82,63.24,69.48,46.16,16.87,20.970000000000013,3.47,11.42,14.04,61.55,30.11
Wimbledon,2012,11.36,2.03,104.67,68.1,53.23,22.0,4.21,5.46,118.49,65.49,78.98,61.25,17.49,8.54,3.31,110.62,70.59,48.64,18.72,5.59,10.13,96.79,63.78,67.87,45.95,17.15,21.69999999999999,1.71,11.11,15.3,57.09,35.02
Wimbledon,2013,12.82,3.11,99.05,63.95,51.79,19.76,3.16,4.42,117.21,64.64,81.6,57.57,16.95,8.34,3.42,113.11,72.68,48.95,18.5,7.71,12.11,94.95,64.23,66.98,44.71,16.63,22.25999999999999,0.41,14.62,12.86,60.59,26.74
Wimbledon,2014,17.26,2.05,102.31,67.67,54.97,20.18,3.0,3.9,118.0,66.06,82.26,59.14,17.23,8.79,3.92,111.97,70.49,49.28,19.85,6.36,10.44,96.28,62.99,68.89,47.94,17.03,21.72,3.07,13.37,11.2,66.26,27.2
Wimbledon,2015,12.59,2.74,106.56,68.69,55.36,21.92,2.95,4.13,119.54,64.5,81.0,58.72,18.18,10.41,4.36,112.79,69.85,49.59,20.95,5.46,9.72,99.82,61.59,69.71,48.04,17.87,19.720000000000013,2.91,11.29,10.68,54.74,29.82
Wimbledon,2016,15.36,2.46,104.15,65.87,54.74,21.67,3.28,4.59,120.82,63.48,83.3,56.93,17.97,9.15,4.13,115.28,72.64,50.49,20.38,6.51,10.77,98.62,63.01,68.26,45.82,17.51,22.19999999999999,0.47,15.04,11.11,62.67,29.88
Wimbledon,2017,15.97,2.87,101.51,65.59,53.69,21.18,3.59,4.77,116.62,64.56,82.0,60.4,17.51,9.15,4.21,110.85,69.64,49.44,19.67,5.74,9.67,95.74,62.81,69.14,46.65,17.21,20.88000000000001,1.75,12.86,13.75,63.57,33.03
Wimbledon,2018,18.13,3.18,106.92,73.36,59.9,19.38,2.95,4.15,125.38,68.38,82.69,59.13,18.87,10.08,3.87,120.49,77.85,53.97,20.41,6.77,11.1,102.03,63.65,67.64,47.69,18.56,23.349999999999994,4.73,15.05,11.44,64.27,27.21
Wimbledon,2019,8.92,2.9,101.44,65.72,51.95,20.51,3.56,4.95,115.92,64.96,80.09,59.01,17.33,10.67,4.03,108.9,66.41,45.72,19.72,6.31,10.9,94.41,60.52,67.76,45.69,16.87,21.510000000000005,4.44,12.33,13.32,45.53,31.23
