,surface,year,w_ace,w_df,w_svpt,w_1stIn,w_1stWon,w_2ndWon,w_bpSaved,w_bpFaced,winner_total_points,w_1stSv%,w_1stSvWin%,w_2ndSvWin%,w_SvGms,w_1stRcvWin%,w_2ndRcvWin%,l_ace,l_df,l_svpt,l_1stIn,l_1stWon,l_2ndWon,l_bpSaved,l_bpFaced,loser_total_points,l_1stSv%,l_1stSvWin%,l_2ndSvWin%,l_SvGms,l_1stRcvWin%,l_2ndRcvWin%,points_percentage,1stSv%_difference,1stSvWin%_difference,2ndSvWin%_difference,ace%,bpFaced%,bpSaved%_difference
0,Carpet,2001,7.26,1.89,69.89,43.15,34.22,15.37,1.74,3.0,77.7,61.86,80.5,58.3,11.89,27.81,56.18,7.52,2.37,72.41,42.67,31.0,13.3,3.96,7.15,64.59,59.01,72.19,43.82,11.56,19.5,41.7,54.61,2.85,8.31,14.48,49.12,29.56,2.62
1,Carpet,2002,9.2,2.4,66.52,38.44,31.68,15.76,2.48,3.24,76.16,57.72,82.79,58.14,11.0,31.23,54.14,6.52,3.08,71.6,41.4,28.68,14.2,4.2,7.16,61.96,58.18,68.77,45.86,10.84,17.21,41.86,55.14,-0.46,14.02,12.28,58.52,31.15,17.88
2,Carpet,2003,6.35,2.81,74.54,45.04,35.19,16.38,3.15,4.38,80.04,60.33,78.26,56.0,11.65,27.97,52.88,6.12,2.85,73.23,40.35,29.19,15.58,2.62,5.54,67.73,55.18,72.03,47.12,11.46,21.74,44.0,54.17,5.15,6.23,8.88,50.92,44.15,24.63
3,Carpet,2004,7.68,2.0,67.25,41.0,32.04,15.5,2.32,3.11,75.96,60.48,78.42,60.3,10.93,29.69,54.72,5.64,3.0,71.04,39.61,28.0,14.61,3.36,6.29,62.32,56.21,70.31,45.28,10.86,21.58,39.7,54.93,4.27,8.11,15.02,57.66,33.09,21.18
4,Carpet,2005,10.08,2.0,71.96,46.04,36.96,13.79,3.08,4.12,78.92,65.03,81.83,55.72,11.88,29.48,54.28,7.12,2.96,72.46,43.75,31.29,13.0,4.38,7.71,65.5,60.27,70.52,45.72,11.62,18.17,44.28,54.65,4.76,11.31,10.0,58.6,34.83,17.95
5,Carpet,2006,7.04,1.83,69.17,43.09,33.65,13.87,2.65,3.96,77.74,62.27,79.91,54.9,11.3,34.1,56.75,4.78,2.3,73.0,45.3,30.52,12.26,4.04,7.61,64.43,62.35,65.9,43.25,11.3,20.09,45.1,54.68,-0.08,14.01,11.65,59.56,34.23,13.83
6,Clay,2001,4.0,2.08,78.26,45.39,32.15,18.1,4.76,6.95,88.57,58.58,72.07,56.56,12.2,39.25,57.47,3.16,3.32,82.4,46.28,28.47,15.6,6.76,11.75,72.09,56.24,60.75,42.53,12.1,27.93,43.44,55.18,2.34,11.32,14.02,54.98,37.09,11.47
7,Clay,2002,4.36,2.18,79.46,47.77,34.53,17.31,4.0,6.0,89.22,60.1,73.06,55.97,12.54,37.41,55.43,2.96,3.6,83.68,48.83,30.6,15.7,5.68,10.35,73.93,58.64,62.59,44.57,12.42,26.94,44.03,54.71,1.46,10.47,11.4,59.36,37.05,13.01
8,Clay,2003,4.65,3.02,79.45,48.34,34.24,16.89,4.12,6.39,88.82,60.25,72.32,55.34,12.5,39.06,57.13,3.56,3.51,82.84,47.9,29.75,15.4,5.7,10.7,73.48,57.92,60.94,42.87,12.45,27.68,44.66,54.87,2.33,11.38,12.47,55.08,37.48,11.75
9,Clay,2004,3.52,2.34,79.3,48.29,34.61,17.03,3.86,6.12,89.36,61.3,73.26,56.14,12.7,37.06,57.42,2.86,3.63,83.3,48.42,30.52,15.06,5.4,10.38,73.25,58.07,62.94,42.58,12.6,26.74,43.86,54.98,3.23,10.32,13.56,55.39,37.07,11.4
10,Clay,2005,2.5,2.09,76.68,49.18,33.99,15.06,3.75,6.07,86.86,63.93,71.11,56.12,12.16,42.0,59.1,2.74,2.85,79.92,47.58,28.4,13.71,5.19,10.51,69.75,59.64,58.0,40.9,12.11,28.89,43.88,55.59,4.3,13.11,15.22,47.53,36.74,13.36
11,Clay,2006,3.57,2.24,78.34,50.82,35.85,15.29,4.41,6.42,87.88,64.7,72.31,56.93,12.37,39.94,55.62,2.54,2.48,81.7,50.26,30.78,14.19,5.52,10.26,72.17,61.21,60.06,44.38,12.18,27.69,43.07,54.96,3.49,12.24,12.54,59.1,38.89,15.73
12,Clay,2007,3.53,2.12,76.3,48.96,35.0,14.94,4.02,5.98,86.86,64.2,72.78,55.63,12.13,39.72,57.23,2.28,2.68,81.06,50.53,30.71,13.44,5.46,10.19,70.5,61.45,60.28,42.77,12.05,27.22,44.37,55.17,2.75,12.49,12.86,60.64,37.07,13.58
13,Clay,2008,4.72,1.92,73.41,47.32,34.04,14.89,3.35,5.08,84.8,64.92,72.87,58.4,11.86,40.14,57.74,2.96,2.6,78.8,47.72,29.34,13.59,5.01,9.63,67.41,60.2,59.86,42.26,11.7,27.13,41.6,55.66,4.71,13.01,16.13,60.26,34.74,13.86
14,Clay,2009,4.72,2.01,76.7,48.03,35.68,15.79,3.35,4.97,86.44,62.66,75.03,55.97,12.25,36.8,55.18,3.79,2.75,80.24,48.68,30.88,14.39,5.17,9.53,70.51,60.25,63.2,44.82,12.14,24.97,44.03,54.95,2.41,11.83,11.14,53.42,34.56,13.71
15,Clay,2010,4.34,1.68,70.11,46.34,33.96,13.71,3.06,4.47,82.19,66.26,74.38,58.44,11.46,39.01,58.3,3.68,2.33,76.72,46.83,29.25,12.95,5.4,9.65,64.64,61.0,60.99,41.7,11.34,25.62,41.56,55.98,5.26,13.38,16.74,53.28,31.88,12.22
16,Clay,2011,4.36,1.71,72.99,46.98,34.63,14.52,3.36,5.13,83.42,64.46,74.83,57.73,11.85,38.73,56.8,3.47,2.04,76.55,46.76,29.04,13.24,4.91,9.43,66.11,61.11,61.27,43.2,11.64,25.16,42.27,55.89,3.36,13.57,14.52,56.0,35.32,14.47
17,Clay,2012,5.36,1.87,76.15,47.9,36.02,15.85,3.55,5.07,86.0,63.36,76.17,57.36,12.26,37.38,54.36,3.63,2.45,78.6,47.6,30.14,14.32,4.69,8.89,68.74,60.73,62.62,45.64,11.97,23.83,42.64,55.54,2.63,13.55,11.72,60.2,36.84,17.44
18,Clay,2013,4.26,1.74,76.81,49.77,36.57,15.3,3.42,5.03,86.29,64.93,74.5,58.45,12.44,37.28,54.92,3.67,2.24,80.11,50.39,32.07,13.62,4.92,9.17,70.63,62.6,62.72,45.08,12.31,25.5,41.55,54.92,2.34,11.78,13.38,53.92,36.18,14.84
19,Clay,2014,5.28,1.86,76.7,49.3,36.75,15.41,3.48,5.06,86.61,64.9,75.7,57.58,12.42,37.93,55.4,3.83,2.12,79.15,49.65,31.36,13.34,4.92,9.27,69.24,62.21,62.07,44.6,12.14,24.3,42.42,55.57,2.69,13.64,12.98,58.99,35.21,15.32
20,Clay,2015,5.03,1.65,73.86,46.37,35.74,15.5,2.83,4.07,84.46,63.05,78.15,56.98,12.19,35.55,55.22,4.09,2.28,78.56,48.75,31.81,13.52,5.3,9.28,67.96,62.02,64.45,44.78,11.96,21.85,43.02,55.32,1.03,13.7,12.2,55.78,31.12,13.23
21,Clay,2016,4.66,1.78,78.9,50.86,37.25,15.92,3.78,5.47,88.08,64.72,74.38,58.02,12.72,35.89,54.87,4.05,2.37,81.56,49.92,32.16,14.5,5.18,9.44,72.38,60.95,64.11,45.13,12.42,25.62,41.98,54.87,3.77,10.27,12.89,53.74,36.95,14.8
22,Clay,2017,5.16,1.9,72.92,45.8,33.69,15.78,3.12,4.72,83.8,62.82,74.47,59.63,11.84,37.11,57.8,3.57,2.66,77.88,47.54,30.41,13.13,5.29,9.62,67.0,60.84,62.89,42.2,11.65,25.53,40.37,55.5,1.98,11.58,17.44,57.03,32.57,10.26
23,Clay,2018,5.15,2.29,78.59,50.06,37.07,16.36,2.95,4.7,89.04,63.82,75.3,59.09,12.95,36.1,55.12,4.31,2.71,83.64,51.87,33.66,14.38,5.18,9.41,73.2,62.0,63.9,44.88,12.67,24.7,40.91,54.84,1.83,11.41,14.21,53.34,33.22,8.26
24,Clay,2019,4.42,2.51,77.94,49.21,36.28,16.26,3.49,5.16,87.13,63.09,74.33,57.97,12.58,37.1,55.06,3.5,2.84,80.47,49.91,32.01,13.87,4.64,8.94,71.27,61.76,62.9,44.94,12.37,25.67,42.03,55.0,1.34,11.43,13.03,54.24,36.73,16.22
25,Clay,2020,3.82,2.26,83.09,52.96,37.83,17.14,3.78,5.78,95.58,63.28,72.76,57.61,13.44,40.12,57.36,3.29,2.9,88.52,54.84,33.3,14.62,6.04,11.41,76.04,61.85,59.88,42.64,13.08,27.24,42.39,55.56,1.43,12.88,14.98,53.5,33.29,11.08
26,Grass,2001,14.44,5.31,111.05,70.0,55.21,22.08,4.54,6.33,120.36,62.84,80.11,55.53,18.15,29.98,52.61,9.05,5.38,112.26,66.26,47.08,22.1,5.74,10.21,102.95,58.48,70.02,47.39,17.67,19.89,44.47,53.9,4.36,10.09,8.14,61.47,38.27,15.5
27,Grass,2002,9.85,4.36,117.44,67.44,51.69,27.51,4.77,7.51,130.67,57.6,77.83,56.92,19.0,31.17,55.62,7.92,6.38,126.56,74.23,51.36,23.74,8.18,13.77,113.33,58.46,68.83,44.38,19.18,22.17,43.08,53.55,-0.86,9.0,12.54,55.43,35.29,4.11
28,Grass,2003,13.67,4.18,107.62,68.1,53.69,21.79,3.9,5.67,121.69,63.39,79.46,55.8,17.67,33.17,52.0,6.67,3.77,115.62,72.15,48.36,21.05,6.62,11.26,101.54,62.26,66.83,48.0,17.33,20.54,44.2,54.51,1.13,12.63,7.8,67.21,33.49,9.99
29,Grass,2004,11.15,3.36,102.36,65.67,51.41,21.03,3.62,4.97,116.05,64.3,79.44,58.38,16.77,33.31,53.43,7.67,4.15,109.54,70.44,47.54,18.38,6.49,11.08,95.85,64.11,66.69,46.57,16.56,20.56,41.62,54.77,0.19,12.75,11.81,59.25,30.97,14.26
30,Grass,2005,12.64,2.69,102.26,64.33,51.21,22.05,3.28,4.64,116.82,63.32,80.54,59.12,17.1,31.57,52.47,8.05,4.21,110.13,66.05,45.36,21.21,6.08,10.62,95.56,60.53,68.43,47.53,16.79,19.46,40.88,55.01,2.79,12.11,11.59,61.09,30.41,13.44
31,Grass,2006,11.05,2.92,111.72,70.92,54.95,23.18,3.51,5.23,122.49,63.33,78.53,58.67,18.33,32.9,54.52,7.85,4.18,113.56,72.15,49.56,19.64,5.64,10.44,102.79,62.09,67.1,45.48,17.87,21.47,41.33,54.37,1.24,11.43,13.19,58.47,33.38,13.09
32,Grass,2007,11.39,2.32,108.24,70.87,55.76,21.82,3.37,4.92,121.5,64.87,79.92,59.58,17.97,30.99,51.6,8.89,4.08,115.34,71.55,50.03,21.39,5.39,9.61,102.08,62.36,69.01,48.4,17.68,20.08,40.42,54.34,2.51,10.91,11.18,56.16,33.86,12.41
33,Grass,2008,12.64,2.85,113.56,70.64,55.49,24.95,3.97,5.44,125.59,62.96,79.41,60.05,18.54,28.95,54.02,9.26,4.0,118.56,72.21,51.64,21.77,5.95,10.1,106.54,60.66,71.05,45.98,18.23,20.59,39.95,54.1,2.3,8.36,14.07,57.72,35.01,14.07
34,Grass,2009,17.28,3.21,107.67,70.08,58.03,22.1,3.13,4.44,121.82,65.43,83.78,59.34,18.69,27.43,51.89,11.59,4.0,116.08,72.67,53.31,21.08,5.69,9.46,101.92,62.65,72.57,48.11,18.1,16.22,40.66,54.45,2.78,11.21,11.23,59.85,31.94,10.35
35,Grass,2010,14.13,3.51,104.15,64.69,53.1,23.33,3.31,4.38,119.72,61.99,83.04,60.43,17.92,28.81,54.79,11.44,4.36,114.0,71.26,51.05,19.67,5.79,10.0,98.44,62.22,71.19,45.21,17.49,16.96,39.57,54.88,-0.23,11.85,15.22,55.26,30.46,17.67
36,Grass,2011,13.46,2.31,100.21,66.44,53.21,19.77,3.21,4.21,115.79,66.71,80.9,60.2,17.13,30.52,53.84,8.41,3.95,110.41,70.03,48.85,18.74,5.59,9.77,94.82,63.24,69.48,46.16,16.87,19.1,39.8,54.98,3.47,11.42,14.04,61.55,30.11,19.03
37,Grass,2012,11.36,2.03,104.67,68.1,53.23,22.0,4.21,5.46,118.49,65.49,78.98,61.25,17.49,32.13,54.05,8.54,3.31,110.62,70.59,48.64,18.72,5.59,10.13,96.79,63.78,67.87,45.95,17.15,21.02,38.75,55.04,1.71,11.11,15.3,57.09,35.02,21.92
38,Grass,2013,12.82,3.11,99.05,63.95,51.79,19.76,3.16,4.42,117.21,64.64,81.6,57.57,16.95,33.02,55.29,8.34,3.42,113.11,72.68,48.95,18.5,7.71,12.11,94.95,64.23,66.98,44.71,16.63,18.4,42.43,55.25,0.41,14.62,12.86,60.59,26.74,7.83
39,Grass,2014,17.26,2.05,102.31,67.67,54.97,20.18,3.0,3.9,118.0,66.06,82.26,59.14,17.23,31.11,52.06,8.79,3.92,111.97,70.49,49.28,19.85,6.36,10.44,96.28,62.99,68.89,47.94,17.03,17.74,40.86,55.07,3.07,13.37,11.2,66.26,27.2,16.0
40,Grass,2015,12.59,2.74,106.56,68.69,55.36,21.92,2.95,4.13,119.54,64.5,81.0,58.72,18.18,30.29,51.96,10.41,4.36,112.79,69.85,49.59,20.95,5.46,9.72,99.82,61.59,69.71,48.04,17.87,19.0,41.28,54.49,2.91,11.29,10.68,54.74,29.82,15.26
41,Grass,2016,15.36,2.46,104.15,65.87,54.74,21.67,3.28,4.59,120.82,63.48,83.3,56.93,17.97,31.74,54.18,9.15,4.13,115.28,72.64,50.49,20.38,6.51,10.77,98.62,63.01,68.26,45.82,17.51,16.7,43.07,55.06,0.47,15.04,11.11,62.67,29.88,11.01
42,Grass,2017,15.97,2.87,101.51,65.59,53.69,21.18,3.59,4.77,116.62,64.56,82.0,60.4,17.51,30.86,53.35,9.15,4.21,110.85,69.64,49.44,19.67,5.74,9.67,95.74,62.81,69.14,46.65,17.21,18.0,39.6,54.92,1.75,12.86,13.75,63.57,33.03,15.9
43,Grass,2018,18.13,3.18,106.92,73.36,59.9,19.38,2.95,4.15,125.38,68.38,82.69,59.13,18.87,32.36,52.31,10.08,3.87,120.49,77.85,53.97,20.41,6.77,11.1,102.03,63.65,67.64,47.69,18.56,17.31,40.87,55.13,4.73,15.05,11.44,64.27,27.21,10.09
44,Grass,2019,8.92,2.9,101.44,65.72,51.95,20.51,3.56,4.95,115.92,64.96,80.09,59.01,17.33,32.24,54.31,10.67,4.03,108.9,66.41,45.72,19.72,6.31,10.9,94.41,60.52,67.76,45.69,16.87,19.91,40.99,55.11,4.44,12.33,13.32,45.53,31.23,14.03
45,Hard,2001,8.43,3.35,81.11,47.19,36.64,18.95,3.23,4.75,91.07,58.4,78.33,56.77,13.03,31.9,55.48,6.97,4.18,85.32,47.86,32.95,16.89,5.05,9.06,75.37,55.67,68.1,44.52,12.94,21.67,43.23,54.76,2.72,10.24,12.26,55.13,34.75,12.78
46,Hard,2002,7.57,3.0,79.53,46.86,35.93,18.46,3.35,4.83,89.29,58.99,77.66,57.91,12.82,33.1,55.04,6.4,3.62,84.3,48.33,32.73,16.67,4.93,8.79,74.54,57.22,66.9,44.96,12.71,22.34,42.09,54.58,1.76,10.76,12.95,53.33,35.33,14.1
47,Hard,2003,7.55,2.7,80.57,48.35,37.01,18.24,3.26,4.87,91.07,59.86,77.4,57.51,13.15,33.7,54.88,5.9,3.96,85.64,49.22,33.1,16.73,5.11,9.25,75.14,57.01,66.3,45.12,12.97,22.6,42.49,54.78,2.85,11.1,12.39,56.85,34.56,12.53
48,Hard,2004,8.76,2.69,78.0,46.55,36.45,17.98,3.01,4.27,87.95,59.85,79.21,58.05,12.83,32.75,54.33,6.21,3.5,81.9,48.54,32.9,15.48,4.77,8.53,71.94,58.99,67.25,45.67,12.57,20.79,41.95,54.97,0.86,11.96,12.39,58.84,33.41,14.31
49,Hard,2005,7.44,2.53,80.51,49.55,37.85,17.75,3.14,4.68,90.96,61.8,77.42,59.17,13.18,34.08,53.79,5.98,3.52,85.51,50.63,33.77,16.38,5.03,8.9,75.05,59.03,65.92,46.21,12.89,22.58,40.83,54.87,2.76,11.5,12.96,55.9,34.34,10.57
50,Hard,2006,6.66,2.24,80.67,49.74,37.4,17.63,3.31,4.92,90.52,62.27,76.43,58.1,13.1,34.43,54.95,5.04,3.27,84.14,50.02,33.11,15.54,4.9,9.08,74.29,59.41,65.57,45.05,12.8,23.57,41.9,54.92,2.86,10.85,13.05,57.23,34.77,13.51
51,Hard,2007,7.33,1.95,75.96,47.38,36.52,16.18,3.02,4.29,85.24,62.55,78.25,57.63,12.33,33.06,54.5,5.53,2.73,79.25,47.01,31.8,14.91,4.47,8.17,69.97,59.14,66.95,45.5,12.17,21.75,42.37,54.9,3.41,11.3,12.13,57.35,34.79,16.16
52,Hard,2008,8.09,2.02,78.76,48.64,37.57,16.71,3.27,4.68,87.45,61.94,78.19,56.41,12.74,33.15,53.39,5.78,2.95,81.52,48.34,32.62,15.73,4.54,8.25,72.84,59.12,66.85,46.61,12.5,21.81,43.59,54.54,2.82,11.34,9.8,57.84,36.44,14.71
53,Hard,2009,7.44,2.2,75.04,47.6,36.78,15.46,3.33,4.63,85.51,63.24,78.55,57.11,12.32,33.38,55.67,5.78,2.99,80.32,47.96,32.34,14.72,4.72,8.48,69.85,59.7,66.62,44.33,12.13,21.45,42.89,55.0,3.54,11.92,12.78,56.02,35.48,16.08
54,Hard,2010,8.27,2.53,79.46,48.32,37.41,17.29,3.4,4.78,88.81,60.95,78.8,56.41,12.86,33.56,54.18,6.09,3.18,83.05,49.68,33.48,15.46,4.99,8.73,73.7,59.64,66.44,45.82,12.54,21.2,43.59,54.65,1.31,12.36,10.6,57.56,35.53,14.12
55,Hard,2011,6.81,2.25,72.48,43.96,34.12,15.95,2.84,4.14,83.26,60.67,78.74,57.23,11.93,34.8,56.92,4.6,3.35,77.07,44.98,29.74,14.13,4.7,8.73,66.28,58.09,65.19,43.08,11.72,21.26,42.77,55.64,2.58,13.54,14.15,59.55,32.58,14.82
56,Hard,2012,7.36,2.32,74.88,45.09,34.98,17.2,2.95,4.22,85.85,60.29,78.79,58.46,12.29,34.16,55.29,5.01,3.08,79.66,46.68,31.04,14.95,4.81,8.66,68.69,58.27,65.84,44.71,12.02,21.21,41.54,55.54,2.02,12.94,13.75,59.63,33.02,14.39
57,Hard,2013,7.17,2.31,77.07,48.06,36.72,16.3,3.21,4.63,87.85,62.46,77.51,57.66,12.59,34.18,56.06,5.58,3.47,82.56,49.47,32.94,14.8,5.23,9.2,71.78,59.55,65.82,43.94,12.34,22.49,42.34,54.98,2.91,11.69,13.72,56.17,33.34,12.71
58,Hard,2014,8.37,2.55,78.46,48.36,38.08,16.81,2.95,4.23,89.1,62.18,79.87,57.22,12.87,32.55,54.15,5.66,3.24,84.06,50.22,34.1,15.74,4.85,8.49,73.41,59.57,67.45,45.85,12.69,20.13,42.78,54.81,2.61,12.42,11.38,59.73,33.38,12.14
59,Hard,2015,8.67,2.3,77.39,48.2,37.66,16.91,2.85,4.07,87.85,62.43,79.04,59.38,12.77,32.98,54.38,6.11,3.15,82.06,48.94,33.35,15.43,4.75,8.38,71.6,59.19,67.02,45.62,12.4,20.96,40.62,55.08,3.24,12.02,13.76,58.48,32.94,13.31
60,Hard,2016,8.09,2.87,75.97,46.47,36.15,16.51,2.97,4.29,85.39,61.58,78.83,57.03,12.44,32.11,56.17,5.51,3.6,79.32,46.88,32.12,14.46,4.58,8.25,69.9,58.89,67.89,43.83,12.06,21.17,42.97,54.96,2.68,10.94,13.2,58.82,34.55,14.24
61,Hard,2017,8.86,2.98,81.11,51.22,39.66,16.99,3.24,4.6,90.4,63.09,78.48,57.88,13.23,31.1,53.73,6.57,3.65,85.1,51.68,35.73,15.62,4.66,8.14,75.82,60.0,68.9,46.27,12.91,21.52,42.12,54.37,3.09,9.58,11.61,57.41,36.03,13.3
62,Hard,2018,8.26,2.41,76.74,48.73,38.0,15.88,2.81,4.1,87.01,63.52,78.89,58.1,12.78,33.0,53.02,6.44,3.43,82.71,49.99,34.05,15.53,4.83,8.4,72.44,60.03,67.0,46.98,12.58,21.12,41.9,54.57,3.49,11.88,11.12,56.32,32.95,11.56
63,Hard,2019,8.35,2.59,78.56,50.1,38.99,16.07,3.04,4.35,87.77,64.08,78.66,57.65,12.94,32.48,53.08,6.13,3.09,82.37,50.91,34.74,14.91,4.56,8.11,73.15,61.57,67.52,46.92,12.64,21.34,42.35,54.58,2.51,11.14,10.73,58.24,35.11,14.24
64,Hard,2020,10.77,3.03,86.29,54.94,43.31,17.04,3.6,5.18,97.01,63.39,80.04,56.2,14.28,32.8,54.73,6.7,3.22,91.17,57.15,38.82,15.69,4.98,8.96,80.45,62.01,67.2,45.27,13.96,19.96,43.8,54.66,1.38,12.84,10.93,62.04,36.7,14.32
